Workbook

Sheet GRAFIK
F1: DAILY SLA AVG BULAN DESEMBER 2025
B3: Baterai | C3: Total Site | D3: AVG SLA
B4: Talis5 Full | C4: ='Talis Full'!A1 -> 19 | D4: =AVERAGEIF(SLA!D:D,B4,SLA!H:H) -> 0.92730053
B5: Talis5 Mix | C5: ='Talis Mix'!A1 -> 15 | D5: =AVERAGEIF(SLA!D:D,B5,SLA!H:H) -> 0.81485488
B6: JS PRO | C6: ='JS PRO'!A1 -> 46 | D6: =AVERAGEIF(SLA!D:D,B6,SLA!H:H) -> 0.9163823
B8: TOTAL | C8: =SUM(C4:C6) -> 80 | D8: =SLA!H2 -> 0.90688193
B10: Baterai | C10: Penyebab AVG SLA masih dibawah 95.5%
B11: Talis5 Full | C11: SNMP DOWN
B12: Talis5 Mix | C12: Problem VSAT SNMP DOWN
B13: JS PRO | C13: Insiden terbakar Problem Vsat
B15: History GAMAS (Gangguan Masal)
B16: -
B36: *Tracking SLA avg daily bulan Desember 2025*
B37: =H37&" "&G37&" "&"/"&G38&"/"&G40 -> Tgl 1 - 8 /12/2025 | F37: =TODAY() -> 45999 | G37: =DAY(F37) -> 8 | H37: Tgl 1 -
B38: ="*"&"80 site"&"*" -> *80 site* | C38: ="*" & SUBSTITUTE(TEXT(F38, "0.00"), ".", ",") & "%" & "*" -> *90,69%* | F38: =D8*100 -> 90.688193 | G38: =MONTH(F37) -> 12
B40: =B4 -> Talis5 Full | C40: ="*" & SUBSTITUTE(TEXT(F40, "0.00"), ".", ",") & "%" & "*" -> *92,73%* | F40: =D4*100 -> 92.730053 | G40: =YEAR(F37) -> 2025
B41: =B5 -> Talis5 Mix | C41: ="*" & SUBSTITUTE(TEXT(F41, "0.00"), ".", ",") & "%" & "*" -> *81,49%* | F41: =D5*100 -> 81.485488
B42: =B6 -> JS PRO | C42: ="*" & SUBSTITUTE(TEXT(F42, "0.00"), ".", ",") & "%" & "*" -> *91,64%* | F42: =D6*100 -> 91.63823
B44: Trend SLA avg Bulan Desember 2025
B45: Minggu 1 | C45: =AVERAGE(SLA!J2:P2) -> 0.90688193
B46: Minggu 2 | C46: =AVERAGE(SLA!Q2:W2) -> #DIV/0!
B47: Minggu 3 | C47: =AVERAGE(SLA!X2:AD2) -> #DIV/0!
B48: Minggu 4 | C48: =AVERAGE(SLA!AE2:AM2) -> #DIV/0!

Sheet SLA
J1: https://docs.google.com/spreadsheets/d/1klpLbbl5DSHbiNwz8jHPLPE8mhHRawTOKn795joTXFw/edit?usp=sharing | K1: https://docs.google.com/spreadsheets/d/1kKhKU9XrjDhGOu5EkNUWQOZ1ZrPel-YbUb4bQ-yS45E/edit?usp=sharing | L1: https://docs.google.com/spreadsheets/d/14NdKGXXCTg0qub1jKzLHUFBr4zihZv7E8Opl8Qs-mVQ/edit?usp=sharing | M1: https://docs.google.com/spreadsheets/d/1n0dpf0G-7VNAgPCdli5FretXgDsHqInvDDuy18Q4GxU/edit?usp=sharing | N1: https://docs.google.com/spreadsheets/d/1S1w4agYvLlhtsLplO3baSIN0JNorp1EPIBYmH8eocHE/edit?usp=sharing | O1: https://docs.google.com/spreadsheets/d/1oZzSU9oXVKRbWr-FIVz676poc89Gcv_l5o6W2jydiUs/edit?usp=sharing | P1: https://docs.google.com/spreadsheets/d/1SvfV6O2h_kUIZJJu5ZqtVGE-LAFnD2jb_RyFIq-aVU0/edit?usp=sharing
H2: =AVERAGE(H4:H83) -> 0.90688193 | J2: =AVERAGE(J4:J83) -> 0.87714275 | K2: =IFERROR(AVERAGE(K4:K83), "") -> 0.89136688 | L2: =IFERROR(AVERAGE(L4:L83), "") -> 0.90098425 | M2: =IFERROR(AVERAGE(M4:M83), "") -> 0.89686075 | N2: =IFERROR(AVERAGE(N4:N83), "") -> 0.91271475 | O2: =IFERROR(AVERAGE(O4:O83), "") -> 0.93412237 | P2: =IFERROR(AVERAGE(P4:P83), "") -> 0.93498175 | Q2: =IFERROR(AVERAGE(Q4:Q83), "") | R2: =IFERROR(AVERAGE(R4:R83), "") | ... AN2: =IFERROR(AVERAGE(AN4:AN83), "")
A3: NAMA SITE | B3: PROVINSI | C3: KODE SITE | D3: BATERAI TYPE | E3: Done Instal (Talis) | F3: PIC | G3: PROBLEM | H3: SLA AVG | I3: Status | J3: 1 | K3: 2 | L3: 3 | M3: 4 | N3: 5 | O3: 6 | P3: 7 | Q3: 8 | R3: 9 | S3: 10 | T3: 11 | U3: 12 | V3: 13 | W3: 14 | X3: 15 | Y3: 16 | Z3: 17 | AA3: 18 | AB3: 19 | AC3: 20 | AD3: 21 | AE3: 22 | AF3: 23 | AG3: 24 | AH3: 25 | AI3: 26 | AJ3: 27 | AK3: 28 | AL3: 29 | AM3: 30 | AN3: 31
A4: MENARBU | B4: =IFERROR(__xludf.DUMMYFUNCTION("ARRAYFORMULA( IF($A4:$A999="""",, IFERROR( VLOOKUP( $A4:$A999, IMPORTRANGE(""https://docs.google.com/spreadsheets/d/1jUDLKEvnGsveFGtPfyfL3lhFTzPXQlZPIsYZzU_WHfo/edit?usp=sharing"",""Sheet1!B2:F""), 3, FALSE ), ) ))"),"PAPUA BARAT") -> PAPUA BARAT | C4: =IFERROR(__xludf.DUMMYFUNCTION("ARRAYFORMULA( IF($A4:$A999="""",, IFERROR( VLOOKUP( $A4:$A999, IMPORTRANGE(""https://docs.google.com/spreadsheets/d/1jUDLKEvnGsveFGtPfyfL3lhFTzPXQlZPIsYZzU_WHfo/edit?usp=sharing"",""Sheet1!B2:Z""), 25, FALSE ), ) ))"),"JS27") -> JS27 | D4: Talis5 Mix | E4: 45938 | G4: Vsat up down | H4: =AVERAGE(J4:AN4) -> 0.96378571 | I4: =IF(H4<75%, "Potensi SP", "") | J4: =IFERROR(__xludf.DUMMYFUNCTION("ARRAYFORMULA( IF($A4:$A999="""", """", IFNA( VLOOKUP( $A4:$A999, IMPORTRANGE(J1, ""Site OpExport!I:AS""), 37, FALSE ) / 100, """" ) ) )"),0.8541599999999999) -> 0.85416 | K4: =IFERROR(__xludf.DUMMYFUNCTION("ARRAYFORMULA( IF($A4:$A999="""", """", IFNA( VLOOKUP( $A4:$A999, IMPORTRANGE(K1, ""Site OpExport!I:AS""), 37, FALSE ) / 100, """" ) ) )"),0.9791500000000001) -> 0.97915 | L4: =IFERROR(__xludf.DUMMYFUNCTION("ARRAYFORMULA( IF($A4:$A999="""", """", IFNA( VLOOKUP( $A4:$A999, IMPORTRANGE(L1, ""Site OpExport!I:AS""), 37, FALSE ) / 100, """" ) ) )"),1.0) -> 1 | M4: =IFERROR(__xludf.DUMMYFUNCTION("ARRAYFORMULA( IF($A4:$A999="""", """", IFNA( VLOOKUP( $A4:$A999, IMPORTRANGE(M1, ""Site OpExport!I:AS""), 37, FALSE ) / 100, """" ) ) )"),1.0) -> 1 | N4: =IFERROR(__xludf.DUMMYFUNCTION("ARRAYFORMULA( IF($A4:$A999="""", """", IFNA( VLOOKUP( $A4:$A999, IMPORTRANGE(N1, ""Site OpExport!I:AS""), 37, FALSE ) / 100, """" ) ) )"),0.94098) -> 0.94098 | O4: =IFERROR(__xludf.DUMMYFUNCTION("ARRAYFORMULA( IF($A4:$A999="""", """", IFNA( VLOOKUP( $A4:$A999, IMPORTRANGE(O1, ""Site OpExport!I:AS""), 37, FALSE ) / 100, """" ) ) )"),0.9756900000000001) -> 0.97569 | P4: =IFERROR(__xludf.DUMMYFUNCTION("ARRAYFORMULA( IF($A4:$A999="""", """", IFNA( VLOOKUP( $A4:$A999, IMPORTRANGE(P1, ""Site OpExport!I:AS""), 37, FALSE ) / 100, """" ) ) )"),0.99652) -> 0.99652 | Q4: =IFERROR(__xludf.DUMMYFUNCTION("ARRAYFORMULA( IF($A4:$A999="""", """", IFNA( VLOOKUP( $A4:$A999, IMPORTRANGE(Q1, ""Site OpExport!I:AS""), 37, FALSE ) / 100, """" ) ) )"),"") | R4: =IFERROR(__xludf.DUMMYFUNCTION("ARRAYFORMULA( IF($A4:$A999="""", """", IFNA( VLOOKUP( $A4:$A999, IMPORTRANGE(R1, ""Site OpExport!I:AS""), 37, FALSE ) / 100, """" ) ) )"),"") | S4: =IFERROR(__xludf.DUMMYFUNCTION("ARRAYFORMULA( IF($A4:$A999="""", """", IFNA( VLOOKUP( $A4:$A999, IMPORTRANGE(S1, ""Site OpExport!I:AS""), 37, FALSE ) / 100, """" ) ) )"),"") | T4: =IFERROR(__xludf.DUMMYFUNCTION("ARRAYFORMULA( IF($A4:$A999="""", """", IFNA( VLOOKUP( $A4:$A999, IMPORTRANGE(T1, ""Site OpExport!I:AS""), 37, FALSE ) / 100, """" ) ) )"),"") | U4: =IFERROR(__xludf.DUMMYFUNCTION("ARRAYFORMULA( IF($A4:$A999="""", """", IFNA( VLOOKUP( $A4:$A999, IMPORTRANGE(U1, ""Site OpExport!I:AS""), 37, FALSE ) / 100, """" ) ) )"),"") | V4: =IFERROR(__xludf.DUMMYFUNCTION("ARRAYFORMULA( IF($A4:$A999="""", """", IFNA( VLOOKUP( $A4:$A999, IMPORTRANGE(V1, ""Site OpExport!I:AS""), 37, FALSE ) / 100, """" ) ) )"),"") | W4: =IFERROR(__xludf.DUMMYFUNCTION("ARRAYFORMULA( IF($A4:$A999="""", """", IFNA( VLOOKUP( $A4:$A999, IMPORTRANGE(W1, ""Site OpExport!I:AS""), 37, FALSE ) / 100, """" ) ) )"),"") | X4: =IFERROR(__xludf.DUMMYFUNCTION("ARRAYFORMULA( IF($A4:$A999="""", """", IFNA( VLOOKUP( $A4:$A999, IMPORTRANGE(X1, ""Site OpExport!I:AS""), 37, FALSE ) / 100, """" ) ) )"),"") | Y4: =IFERROR(__xludf.DUMMYFUNCTION("ARRAYFORMULA( IF($A4:$A999="""", """", IFNA( VLOOKUP( $A4:$A999, IMPORTRANGE(Y1, ""Site OpExport!I:AS""), 37, FALSE ) / 100, """" ) ) )"),"") | Z4: =IFERROR(__xludf.DUMMYFUNCTION("ARRAYFORMULA( IF($A4:$A999="""", """", IFNA( VLOOKUP( $A4:$A999, IMPORTRANGE(Z1, ""Site OpExport!I:AS""), 37, FALSE ) / 100, """" ) ) )"),"") | AA4: =IFERROR(__xludf.DUMMYFUNCTION("ARRAYFORMULA( IF($A4:$A999="""", """", IFNA( VLOOKUP( $A4:$A999, IMPORTRANGE(AA1, ""Site OpExport!I:AS""), 37, FALSE ) / 100, """" ) ) )"),"") | AB4: =IFERROR(__xludf.DUMMYFUNCTION("ARRAYFORMULA( IF($A4:$A999="""", """", IFNA( VLOOKUP( $A4:$A999, IMPORTRANGE(AB1, ""Site OpExport!I:AS""), 37, FALSE ) / 100, """" ) ) )"),"") | AC4: =IFERROR(__xludf.DUMMYFUNCTION("ARRAYFORMULA( IF($A4:$A999="""", """", IFNA( VLOOKUP( $A4:$A999, IMPORTRANGE(AC1, ""Site OpExport!I:AS""), 37, FALSE ) / 100, """" ) ) )"),"") | AD4: =IFERROR(__xludf.DUMMYFUNCTION("ARRAYFORMULA( IF($A4:$A999="""", """", IFNA( VLOOKUP( $A4:$A999, IMPORTRANGE(AD1, ""Site OpExport!I:AS""), 37, FALSE ) / 100, """" ) ) )"),"") | AE4: =IFERROR(__xludf.DUMMYFUNCTION("ARRAYFORMULA( IF($A4:$A999="""", """", IFNA( VLOOKUP( $A4:$A999, IMPORTRANGE(AE1, ""Site OpExport!I:AS""), 37, FALSE ) / 100, """" ) ) )"),"") | AF4: =IFERROR(__xludf.DUMMYFUNCTION("ARRAYFORMULA( IF($A4:$A999="""", """", IFNA( VLOOKUP( $A4:$A999, IMPORTRANGE(AF1, ""Site OpExport!I:AS""), 37, FALSE ) / 100, """" ) ) )"),"") | AG4: =IFERROR(__xludf.DUMMYFUNCTION("ARRAYFORMULA( IF($A4:$A999="""", """", IFNA( VLOOKUP( $A4:$A999, IMPORTRANGE(AG1, ""Site OpExport!I:AS""), 37, FALSE ) / 100, """" ) ) )"),"") | AH4: =IFERROR(__xludf.DUMMYFUNCTION("ARRAYFORMULA( IF($A4:$A999="""", """", IFNA( VLOOKUP( $A4:$A999, IMPORTRANGE(AH1, ""Site OpExport!I:AS""), 37, FALSE ) / 100, """" ) ) )"),"") | AI4: =IFERROR(__xludf.DUMMYFUNCTION("ARRAYFORMULA( IF($A4:$A999="""", """", IFNA( VLOOKUP( $A4:$A999, IMPORTRANGE(AI1, ""Site OpExport!I:AS""), 37, FALSE ) / 100, """" ) ) )"),"") | AJ4: =IFERROR(__xludf.DUMMYFUNCTION("ARRAYFORMULA( IF($A4:$A999="""", """", IFNA( VLOOKUP( $A4:$A999, IMPORTRANGE(AJ1, ""Site OpExport!I:AS""), 37, FALSE ) / 100, """" ) ) )"),"") | AK4: =IFERROR(__xludf.DUMMYFUNCTION("ARRAYFORMULA( IF($A4:$A999="""", """", IFNA( VLOOKUP( $A4:$A999, IMPORTRANGE(AK1, ""Site OpExport!I:AS""), 37, FALSE ) / 100, """" ) ) )"),"") | AL4: =IFERROR(__xludf.DUMMYFUNCTION("ARRAYFORMULA( IF($A4:$A999="""", """", IFNA( VLOOKUP( $A4:$A999, IMPORTRANGE(AL1, ""Site OpExport!I:AS""), 37, FALSE ) / 100, """" ) ) )"),"") | AM4: =IFERROR(__xludf.DUMMYFUNCTION("ARRAYFORMULA( IF($A4:$A999="""", """", IFNA( VLOOKUP( $A4:$A999, IMPORTRANGE(AM1, ""Site OpExport!I:AS""), 37, FALSE ) / 100, """" ) ) )"),"") | AN4: =IFERROR(__xludf.DUMMYFUNCTION("ARRAYFORMULA( IF($A4:$A999="""", """", IFNA( VLOOKUP( $A4:$A999, IMPORTRANGE(AN1, ""Site OpExport!I:AS""), 37, FALSE ) / 100, """" ) ) )"),"")
A5: ISENEBUAI | B5: =IFERROR(__xludf.DUMMYFUNCTION("""COMPUTED_VALUE"""),"PAPUA BARAT") -> PAPUA BARAT | C5: =IFERROR(__xludf.DUMMYFUNCTION("""COMPUTED_VALUE"""),"JS31") -> JS31 | D5: Talis5 Full | E5: 45626 | G5: SNMP sudah up (Done replace ehub) | H5: =AVERAGE(J5:AN5) -> 0.99900429 | I5: =IF(H5<75%, "Potensi SP", "") | J5: =IFERROR(__xludf.DUMMYFUNCTION("""COMPUTED_VALUE"""),1.0) -> 1 | K5: =IFERROR(__xludf.DUMMYFUNCTION("""COMPUTED_VALUE"""),1.0) -> 1 | L5: =IFERROR(__xludf.DUMMYFUNCTION("""COMPUTED_VALUE"""),0.99651) -> 0.99651 | M5: =IFERROR(__xludf.DUMMYFUNCTION("""COMPUTED_VALUE"""),1.0) -> 1 | N5: =IFERROR(__xludf.DUMMYFUNCTION("""COMPUTED_VALUE"""),1.0) -> 1 | O5: =IFERROR(__xludf.DUMMYFUNCTION("""COMPUTED_VALUE"""),1.0) -> 1 | P5: =IFERROR(__xludf.DUMMYFUNCTION("""COMPUTED_VALUE"""),0.99652) -> 0.99652 | Q5: =IFERROR(__xludf.DUMMYFUNCTION("""COMPUTED_VALUE"""),"") | R5: =IFERROR(__xludf.DUMMYFUNCTION("""COMPUTED_VALUE"""),"") | S5: =IFERROR(__xludf.DUMMYFUNCTION("""COMPUTED_VALUE"""),"") | T5: =IFERROR(__xludf.DUMMYFUNCTION("""COMPUTED_VALUE"""),"") | U5: =IFERROR(__xludf.DUMMYFUNCTION("""COMPUTED_VALUE"""),"") | V5: =IFERROR(__xludf.DUMMYFUNCTION("""COMPUTED_VALUE"""),"") | W5: =IFERROR(__xludf.DUMMYFUNCTION("""COMPUTED_VALUE"""),"") | X5: =IFERROR(__xludf.DUMMYFUNCTION("""COMPUTED_VALUE"""),"") | ... AN5: =IFERROR(__xludf.DUMMYFUNCTION("""COMPUTED_VALUE"""),"")
A6: BOHA | B6: =IFERROR(__xludf.DUMMYFUNCTION("""COMPUTED_VALUE"""),"PAPUA SELATAN") -> PAPUA SELATAN | C6: =IFERROR(__xludf.DUMMYFUNCTION("""COMPUTED_VALUE"""),"JS01") -> JS01 | D6: Talis5 Mix | E6: 45974 | G6: SOMO POWER , Vsat sudah up, SNMP problem. done revit tgl 13-nov-25 site up snmp sudah up | H6: =AVERAGE(J6:AN6) -> 1 | I6: =IF(H6<75%, "Potensi SP", "") | J6: =IFERROR(__xludf.DUMMYFUNCTION("""COMPUTED_VALUE"""),1.0) -> 1 | K6: =IFERROR(__xludf.DUMMYFUNCTION("""COMPUTED_VALUE"""),1.0) -> 1 | L6: =IFERROR(__xludf.DUMMYFUNCTION("""COMPUTED_VALUE"""),1.0) -> 1 | M6: =IFERROR(__xludf.DUMMYFUNCTION("""COMPUTED_VALUE"""),1.0) -> 1 | N6: =IFERROR(__xludf.DUMMYFUNCTION("""COMPUTED_VALUE"""),1.0) -> 1 | O6: =IFERROR(__xludf.DUMMYFUNCTION("""COMPUTED_VALUE"""),1.0) -> 1 | P6: =IFERROR(__xludf.DUMMYFUNCTION("""COMPUTED_VALUE"""),1.0) -> 1 | Q6: =IFERROR(__xludf.DUMMYFUNCTION("""COMPUTED_VALUE"""),"") | R6: =IFERROR(__xludf.DUMMYFUNCTION("""COMPUTED_VALUE"""),"") | S6: =IFERROR(__xludf.DUMMYFUNCTION("""COMPUTED_VALUE"""),"") | T6: =IFERROR(__xludf.DUMMYFUNCTION("""COMPUTED_VALUE"""),"") | U6: =IFERROR(__xludf.DUMMYFUNCTION("""COMPUTED_VALUE"""),"") | V6: =IFERROR(__xludf.DUMMYFUNCTION("""COMPUTED_VALUE"""),"") | W6: =IFERROR(__xludf.DUMMYFUNCTION("""COMPUTED_VALUE"""),"") | X6: =IFERROR(__xludf.DUMMYFUNCTION("""COMPUTED_VALUE"""),"") | ... AN6: =IFERROR(__xludf.DUMMYFUNCTION("""COMPUTED_VALUE"""),"")
A7: KOBROR | B7: =IFERROR(__xludf.DUMMYFUNCTION("""COMPUTED_VALUE"""),"MALUKU") -> MALUKU | C7: =IFERROR(__xludf.DUMMYFUNCTION("""COMPUTED_VALUE"""),"JS33") -> JS33 | D7: Talis5 Full | E7: 45936 | G7: Done revit tgl 6/10/25 | H7: =AVERAGE(J7:AN7) -> 0.99801714 | I7: =IF(H7<75%, "Potensi SP", "") | J7: =IFERROR(__xludf.DUMMYFUNCTION("""COMPUTED_VALUE"""),1.0) -> 1 | K7: =IFERROR(__xludf.DUMMYFUNCTION("""COMPUTED_VALUE"""),1.0) -> 1 | L7: =IFERROR(__xludf.DUMMYFUNCTION("""COMPUTED_VALUE"""),0.98612) -> 0.98612 | M7: =IFERROR(__xludf.DUMMYFUNCTION("""COMPUTED_VALUE"""),1.0) -> 1 | N7: =IFERROR(__xludf.DUMMYFUNCTION("""COMPUTED_VALUE"""),1.0) -> 1 | O7: =IFERROR(__xludf.DUMMYFUNCTION("""COMPUTED_VALUE"""),1.0) -> 1 | P7: =IFERROR(__xludf.DUMMYFUNCTION("""COMPUTED_VALUE"""),1.0) -> 1 | Q7: =IFERROR(__xludf.DUMMYFUNCTION("""COMPUTED_VALUE"""),"") | R7: =IFERROR(__xludf.DUMMYFUNCTION("""COMPUTED_VALUE"""),"") | S7: =IFERROR(__xludf.DUMMYFUNCTION("""COMPUTED_VALUE"""),"") | T7: =IFERROR(__xludf.DUMMYFUNCTION("""COMPUTED_VALUE"""),"") | U7: =IFERROR(__xludf.DUMMYFUNCTION("""COMPUTED_VALUE"""),"") | V7: =IFERROR(__xludf.DUMMYFUNCTION("""COMPUTED_VALUE"""),"") | W7: =IFERROR(__xludf.DUMMYFUNCTION("""COMPUTED_VALUE"""),"") | X7: =IFERROR(__xludf.DUMMYFUNCTION("""COMPUTED_VALUE"""),"") | ... AN7: =IFERROR(__xludf.DUMMYFUNCTION("""COMPUTED_VALUE"""),"")
A8: YABORE | B8: =IFERROR(__xludf.DUMMYFUNCTION("""COMPUTED_VALUE"""),"PAPUA BARAT") -> PAPUA BARAT | C8: =IFERROR(__xludf.DUMMYFUNCTION("""COMPUTED_VALUE"""),"JS17") -> JS17 | D8: Talis5 Mix | E8: 45936 | F8: VSAT | G8: VSAT masih down , Done revit tgl 6/10/25 | H8: =AVERAGE(J8:AN8) -> 0 | I8: =IF(H8<75%, "Potensi SP", "") -> Potensi SP | J8: =IFERROR(__xludf.DUMMYFUNCTION("""COMPUTED_VALUE"""),0.0) -> 0 | K8: =IFERROR(__xludf.DUMMYFUNCTION("""COMPUTED_VALUE"""),0.0) -> 0 | L8: =IFERROR(__xludf.DUMMYFUNCTION("""COMPUTED_VALUE"""),0.0) -> 0 | M8: =IFERROR(__xludf.DUMMYFUNCTION("""COMPUTED_VALUE"""),0.0) -> 0 | N8: =IFERROR(__xludf.DUMMYFUNCTION("""COMPUTED_VALUE"""),0.0) -> 0 | O8: =IFERROR(__xludf.DUMMYFUNCTION("""COMPUTED_VALUE"""),0.0) -> 0 | P8: =IFERROR(__xludf.DUMMYFUNCTION("""COMPUTED_VALUE"""),0.0) -> 0 | Q8: =IFERROR(__xludf.DUMMYFUNCTION("""COMPUTED_VALUE"""),"") | R8: =IFERROR(__xludf.DUMMYFUNCTION("""COMPUTED_VALUE"""),"") | S8: =IFERROR(__xludf.DUMMYFUNCTION("""COMPUTED_VALUE"""),"") | T8: =IFERROR(__xludf.DUMMYFUNCTION("""COMPUTED_VALUE"""),"") | U8: =IFERROR(__xludf.DUMMYFUNCTION("""COMPUTED_VALUE"""),"") | V8: =IFERROR(__xludf.DUMMYFUNCTION("""COMPUTED_VALUE"""),"") | W8: =IFERROR(__xludf.DUMMYFUNCTION("""COMPUTED_VALUE"""),"") | X8: =IFERROR(__xludf.DUMMYFUNCTION("""COMPUTED_VALUE"""),"") | ... AN8: =IFERROR(__xludf.DUMMYFUNCTION("""COMPUTED_VALUE"""),"")
A9: INYORA | B9: =IFERROR(__xludf.DUMMYFUNCTION("""COMPUTED_VALUE"""),"PAPUA BARAT") -> PAPUA BARAT | C9: =IFERROR(__xludf.DUMMYFUNCTION("""COMPUTED_VALUE"""),"JS19") -> JS19 | D9: JS PRO | F9: VSAT | G9: VSAT masih down | H9: =AVERAGE(J9:AN9) -> 0 | I9: =IF(H9<75%, "Potensi SP", "") -> Potensi SP | J9: =IFERROR(__xludf.DUMMYFUNCTION("""COMPUTED_VALUE"""),0.0) -> 0 | K9: =IFERROR(__xludf.DUMMYFUNCTION("""COMPUTED_VALUE"""),0.0) -> 0 | L9: =IFERROR(__xludf.DUMMYFUNCTION("""COMPUTED_VALUE"""),0.0) -> 0 | M9: =IFERROR(__xludf.DUMMYFUNCTION("""COMPUTED_VALUE"""),0.0) -> 0 | N9: =IFERROR(__xludf.DUMMYFUNCTION("""COMPUTED_VALUE"""),0.0) -> 0 | O9: =IFERROR(__xludf.DUMMYFUNCTION("""COMPUTED_VALUE"""),0.0) -> 0 | P9: =IFERROR(__xludf.DUMMYFUNCTION("""COMPUTED_VALUE"""),0.0) -> 0 | Q9: =IFERROR(__xludf.DUMMYFUNCTION("""COMPUTED_VALUE"""),"") | R9: =IFERROR(__xludf.DUMMYFUNCTION("""COMPUTED_VALUE"""),"") | S9: =IFERROR(__xludf.DUMMYFUNCTION("""COMPUTED_VALUE"""),"") | T9: =IFERROR(__xludf.DUMMYFUNCTION("""COMPUTED_VALUE"""),"") | U9: =IFERROR(__xludf.DUMMYFUNCTION("""COMPUTED_VALUE"""),"") | V9: =IFERROR(__xludf.DUMMYFUNCTION("""COMPUTED_VALUE"""),"") | W9: =IFERROR(__xludf.DUMMYFUNCTION("""COMPUTED_VALUE"""),"") | X9: =IFERROR(__xludf.DUMMYFUNCTION("""COMPUTED_VALUE"""),"") | ... AN9: =IFERROR(__xludf.DUMMYFUNCTION("""COMPUTED_VALUE"""),"")
A10: SUMAE | B10: =IFERROR(__xludf.DUMMYFUNCTION("""COMPUTED_VALUE"""),"MALUKU UTARA") -> MALUKU UTARA | C10: =IFERROR(__xludf.DUMMYFUNCTION("""COMPUTED_VALUE"""),"JS12") -> JS12 | D10: JS PRO | G10: Vsat sudah up | H10: =AVERAGE(J10:AN10) -> 0.99851143 | I10: =IF(H10<75%, "Potensi SP", "") | J10: =IFERROR(__xludf.DUMMYFUNCTION("""COMPUTED_VALUE"""),1.0) -> 1 | K10: =IFERROR(__xludf.DUMMYFUNCTION("""COMPUTED_VALUE"""),1.0) -> 1 | L10: =IFERROR(__xludf.DUMMYFUNCTION("""COMPUTED_VALUE"""),0.98958) -> 0.98958 | M10: =IFERROR(__xludf.DUMMYFUNCTION("""COMPUTED_VALUE"""),1.0) -> 1 | N10: =IFERROR(__xludf.DUMMYFUNCTION("""COMPUTED_VALUE"""),1.0) -> 1 | O10: =IFERROR(__xludf.DUMMYFUNCTION("""COMPUTED_VALUE"""),1.0) -> 1 | P10: =IFERROR(__xludf.DUMMYFUNCTION("""COMPUTED_VALUE"""),1.0) -> 1 | Q10: =IFERROR(__xludf.DUMMYFUNCTION("""COMPUTED_VALUE"""),"") | R10: =IFERROR(__xludf.DUMMYFUNCTION("""COMPUTED_VALUE"""),"") | S10: =IFERROR(__xludf.DUMMYFUNCTION("""COMPUTED_VALUE"""),"") | T10: =IFERROR(__xludf.DUMMYFUNCTION("""COMPUTED_VALUE"""),"") | U10: =IFERROR(__xludf.DUMMYFUNCTION("""COMPUTED_VALUE"""),"") | V10: =IFERROR(__xludf.DUMMYFUNCTION("""COMPUTED_VALUE"""),"") | W10: =IFERROR(__xludf.DUMMYFUNCTION("""COMPUTED_VALUE"""),"") | X10: =IFERROR(__xludf.DUMMYFUNCTION("""COMPUTED_VALUE"""),"") | ... AN10: =IFERROR(__xludf.DUMMYFUNCTION("""COMPUTED_VALUE"""),"")
A11: TABANGAME | B11: =IFERROR(__xludf.DUMMYFUNCTION("""COMPUTED_VALUE"""),"MALUKU UTARA") -> MALUKU UTARA | C11: =IFERROR(__xludf.DUMMYFUNCTION("""COMPUTED_VALUE"""),"JS13") -> JS13 | D11: Talis5 Mix (Migrasi pln) | E11: 45973 | G11: SOMO BTS , power up down done revit tgl 12-nov-25 | H11: =AVERAGE(J11:AN11) -> 1 | I11: =IF(H11<75%, "Potensi SP", "") | J11: =IFERROR(__xludf.DUMMYFUNCTION("""COMPUTED_VALUE"""),1.0) -> 1 | K11: =IFERROR(__xludf.DUMMYFUNCTION("""COMPUTED_VALUE"""),1.0) -> 1 | L11: =IFERROR(__xludf.DUMMYFUNCTION("""COMPUTED_VALUE"""),1.0) -> 1 | M11: =IFERROR(__xludf.DUMMYFUNCTION("""COMPUTED_VALUE"""),1.0) -> 1 | N11: =IFERROR(__xludf.DUMMYFUNCTION("""COMPUTED_VALUE"""),1.0) -> 1 | O11: =IFERROR(__xludf.DUMMYFUNCTION("""COMPUTED_VALUE"""),1.0) -> 1 | P11: =IFERROR(__xludf.DUMMYFUNCTION("""COMPUTED_VALUE"""),1.0) -> 1 | Q11: =IFERROR(__xludf.DUMMYFUNCTION("""COMPUTED_VALUE"""),"") | R11: =IFERROR(__xludf.DUMMYFUNCTION("""COMPUTED_VALUE"""),"") | S11: =IFERROR(__xludf.DUMMYFUNCTION("""COMPUTED_VALUE"""),"") | T11: =IFERROR(__xludf.DUMMYFUNCTION("""COMPUTED_VALUE"""),"") | U11: =IFERROR(__xludf.DUMMYFUNCTION("""COMPUTED_VALUE"""),"") | V11: =IFERROR(__xludf.DUMMYFUNCTION("""COMPUTED_VALUE"""),"") | W11: =IFERROR(__xludf.DUMMYFUNCTION("""COMPUTED_VALUE"""),"") | X11: =IFERROR(__xludf.DUMMYFUNCTION("""COMPUTED_VALUE"""),"") | ... AN11: =IFERROR(__xludf.DUMMYFUNCTION("""COMPUTED_VALUE"""),"")
A12: HUKUKECIL | B12: =IFERROR(__xludf.DUMMYFUNCTION("""COMPUTED_VALUE"""),"MALUKU") -> MALUKU | C12: =IFERROR(__xludf.DUMMYFUNCTION("""COMPUTED_VALUE"""),"JS43") -> JS43 | D12: Talis5 Mix | E12: 45968 | F12: VSAT | G12: vsat sudh up | H12: =AVERAGE(J12:AN12) -> 0.45450286 | I12: =IF(H12<75%, "Potensi SP", "") -> Potensi SP | J12: =IFERROR(__xludf.DUMMYFUNCTION("""COMPUTED_VALUE"""),0.0) -> 0 | K12: =IFERROR(__xludf.DUMMYFUNCTION("""COMPUTED_VALUE"""),0.0) -> 0 | L12: =IFERROR(__xludf.DUMMYFUNCTION("""COMPUTED_VALUE"""),0.58431) -> 0.58431 | M12: =IFERROR(__xludf.DUMMYFUNCTION("""COMPUTED_VALUE"""),0.47125) -> 0.47125 | N12: =IFERROR(__xludf.DUMMYFUNCTION("""COMPUTED_VALUE"""),0.25791000000000003) -> 0.25791 | O12: =IFERROR(__xludf.DUMMYFUNCTION("""COMPUTED_VALUE"""),0.8680500000000001) -> 0.86805 | P12: =IFERROR(__xludf.DUMMYFUNCTION("""COMPUTED_VALUE"""),1.0) -> 1 | Q12: =IFERROR(__xludf.DUMMYFUNCTION("""COMPUTED_VALUE"""),"") | R12: =IFERROR(__xludf.DUMMYFUNCTION("""COMPUTED_VALUE"""),"") | S12: =IFERROR(__xludf.DUMMYFUNCTION("""COMPUTED_VALUE"""),"") | T12: =IFERROR(__xludf.DUMMYFUNCTION("""COMPUTED_VALUE"""),"") | U12: =IFERROR(__xludf.DUMMYFUNCTION("""COMPUTED_VALUE"""),"") | V12: =IFERROR(__xludf.DUMMYFUNCTION("""COMPUTED_VALUE"""),"") | W12: =IFERROR(__xludf.DUMMYFUNCTION("""COMPUTED_VALUE"""),"") | X12: =IFERROR(__xludf.DUMMYFUNCTION("""COMPUTED_VALUE"""),"") | ... AN12: =IFERROR(__xludf.DUMMYFUNCTION("""COMPUTED_VALUE"""),"")
A13: RENIS | B13: =IFERROR(__xludf.DUMMYFUNCTION("""COMPUTED_VALUE"""),"PAPUA BARAT") -> PAPUA BARAT | C13: =IFERROR(__xludf.DUMMYFUNCTION("""COMPUTED_VALUE"""),"JS61") -> JS61 | D13: JS PRO | F13: VSAT | G13: Vsat up down sudah stabil | H13: =AVERAGE(J13:AN13) -> 0.81051143 | I13: =IF(H13<75%, "Potensi SP", "") | J13: =IFERROR(__xludf.DUMMYFUNCTION("""COMPUTED_VALUE"""),0.6011099999999999) -> 0.60111 | K13: =IFERROR(__xludf.DUMMYFUNCTION("""COMPUTED_VALUE"""),0.78083) -> 0.78083 | L13: =IFERROR(__xludf.DUMMYFUNCTION("""COMPUTED_VALUE"""),0.79208) -> 0.79208 | M13: =IFERROR(__xludf.DUMMYFUNCTION("""COMPUTED_VALUE"""),0.49956) -> 0.49956 | N13: =IFERROR(__xludf.DUMMYFUNCTION("""COMPUTED_VALUE"""),1.0) -> 1 | O13: =IFERROR(__xludf.DUMMYFUNCTION("""COMPUTED_VALUE"""),1.0) -> 1 | P13: =IFERROR(__xludf.DUMMYFUNCTION("""COMPUTED_VALUE"""),1.0) -> 1 | Q13: =IFERROR(__xludf.DUMMYFUNCTION("""COMPUTED_VALUE"""),"") | R13: =IFERROR(__xludf.DUMMYFUNCTION("""COMPUTED_VALUE"""),"") | S13: =IFERROR(__xludf.DUMMYFUNCTION("""COMPUTED_VALUE"""),"") | T13: =IFERROR(__xludf.DUMMYFUNCTION("""COMPUTED_VALUE"""),"") | U13: =IFERROR(__xludf.DUMMYFUNCTION("""COMPUTED_VALUE"""),"") | V13: =IFERROR(__xludf.DUMMYFUNCTION("""COMPUTED_VALUE"""),"") | W13: =IFERROR(__xludf.DUMMYFUNCTION("""COMPUTED_VALUE"""),"") | X13: =IFERROR(__xludf.DUMMYFUNCTION("""COMPUTED_VALUE"""),"") | ... AN13: =IFERROR(__xludf.DUMMYFUNCTION("""COMPUTED_VALUE"""),"")
A14: ELIASA | B14: =IFERROR(__xludf.DUMMYFUNCTION("""COMPUTED_VALUE"""),"MALUKU") -> MALUKU | C14: =IFERROR(__xludf.DUMMYFUNCTION("""COMPUTED_VALUE"""),"JS34") -> JS34 | D14: Talis5 Mix | E14: 04 March 2025 | G14: SNMP sudah up | H14: =AVERAGE(J14:AN14) -> 1 | I14: =IF(H14<75%, "Potensi SP", "") | J14: =IFERROR(__xludf.DUMMYFUNCTION("""COMPUTED_VALUE"""),1.0) -> 1 | K14: =IFERROR(__xludf.DUMMYFUNCTION("""COMPUTED_VALUE"""),1.0) -> 1 | L14: =IFERROR(__xludf.DUMMYFUNCTION("""COMPUTED_VALUE"""),1.0) -> 1 | M14: =IFERROR(__xludf.DUMMYFUNCTION("""COMPUTED_VALUE"""),1.0) -> 1 | N14: =IFERROR(__xludf.DUMMYFUNCTION("""COMPUTED_VALUE"""),1.0) -> 1 | O14: =IFERROR(__xludf.DUMMYFUNCTION("""COMPUTED_VALUE"""),1.0) -> 1 | P14: =IFERROR(__xludf.DUMMYFUNCTION("""COMPUTED_VALUE"""),1.0) -> 1 | Q14: =IFERROR(__xludf.DUMMYFUNCTION("""COMPUTED_VALUE"""),"") | R14: =IFERROR(__xludf.DUMMYFUNCTION("""COMPUTED_VALUE"""),"") | S14: =IFERROR(__xludf.DUMMYFUNCTION("""COMPUTED_VALUE"""),"") | T14: =IFERROR(__xludf.DUMMYFUNCTION("""COMPUTED_VALUE"""),"") | U14: =IFERROR(__xludf.DUMMYFUNCTION("""COMPUTED_VALUE"""),"") | V14: =IFERROR(__xludf.DUMMYFUNCTION("""COMPUTED_VALUE"""),"") | W14: =IFERROR(__xludf.DUMMYFUNCTION("""COMPUTED_VALUE"""),"") | X14: =IFERROR(__xludf.DUMMYFUNCTION("""COMPUTED_VALUE"""),"") | ... AN14: =IFERROR(__xludf.DUMMYFUNCTION("""COMPUTED_VALUE"""),"")
A15: HONITETU | B15: =IFERROR(__xludf.DUMMYFUNCTION("""COMPUTED_VALUE"""),"MALUKU") -> MALUKU | C15: =IFERROR(__xludf.DUMMYFUNCTION("""COMPUTED_VALUE"""),"JS42") -> JS42 | D15: Talis5 Mix (Migrasi pln) | E15: 45960 | G15: SNMP sudah up | H15: =AVERAGE(J15:AN15) -> 1 | I15: =IF(H15<75%, "Potensi SP", "") | J15: =IFERROR(__xludf.DUMMYFUNCTION("""COMPUTED_VALUE"""),1.0) -> 1 | K15: =IFERROR(__xludf.DUMMYFUNCTION("""COMPUTED_VALUE"""),1.0) -> 1 | L15: =IFERROR(__xludf.DUMMYFUNCTION("""COMPUTED_VALUE"""),1.0) -> 1 | M15: =IFERROR(__xludf.DUMMYFUNCTION("""COMPUTED_VALUE"""),1.0) -> 1 | N15: =IFERROR(__xludf.DUMMYFUNCTION("""COMPUTED_VALUE"""),1.0) -> 1 | O15: =IFERROR(__xludf.DUMMYFUNCTION("""COMPUTED_VALUE"""),1.0) -> 1 | P15: =IFERROR(__xludf.DUMMYFUNCTION("""COMPUTED_VALUE"""),1.0) -> 1 | Q15: =IFERROR(__xludf.DUMMYFUNCTION("""COMPUTED_VALUE"""),"") | R15: =IFERROR(__xludf.DUMMYFUNCTION("""COMPUTED_VALUE"""),"") | S15: =IFERROR(__xludf.DUMMYFUNCTION("""COMPUTED_VALUE"""),"") | T15: =IFERROR(__xludf.DUMMYFUNCTION("""COMPUTED_VALUE"""),"") | U15: =IFERROR(__xludf.DUMMYFUNCTION("""COMPUTED_VALUE"""),"") | V15: =IFERROR(__xludf.DUMMYFUNCTION("""COMPUTED_VALUE"""),"") | W15: =IFERROR(__xludf.DUMMYFUNCTION("""COMPUTED_VALUE"""),"") | X15: =IFERROR(__xludf.DUMMYFUNCTION("""COMPUTED_VALUE"""),"") | ... AN15: =IFERROR(__xludf.DUMMYFUNCTION("""COMPUTED_VALUE"""),"")
A16: AISA | B16: =IFERROR(__xludf.DUMMYFUNCTION("""COMPUTED_VALUE"""),"PAPUA BARAT") -> PAPUA BARAT | C16: =IFERROR(__xludf.DUMMYFUNCTION("""COMPUTED_VALUE"""),"JS69") -> JS69 | D16: JS PRO | G16: Vsat sudah up | H16: =AVERAGE(J16:AN16) -> 0.99851143 | J16: =IFERROR(__xludf.DUMMYFUNCTION("""COMPUTED_VALUE"""),0.99653) -> 0.99653 | K16: =IFERROR(__xludf.DUMMYFUNCTION("""COMPUTED_VALUE"""),1.0) -> 1 | L16: =IFERROR(__xludf.DUMMYFUNCTION("""COMPUTED_VALUE"""),1.0) -> 1 | M16: =IFERROR(__xludf.DUMMYFUNCTION("""COMPUTED_VALUE"""),1.0) -> 1 | N16: =IFERROR(__xludf.DUMMYFUNCTION("""COMPUTED_VALUE"""),0.9930500000000001) -> 0.99305 | O16: =IFERROR(__xludf.DUMMYFUNCTION("""COMPUTED_VALUE"""),1.0) -> 1 | P16: =IFERROR(__xludf.DUMMYFUNCTION("""COMPUTED_VALUE"""),1.0) -> 1 | Q16: =IFERROR(__xludf.DUMMYFUNCTION("""COMPUTED_VALUE"""),"") | R16: =IFERROR(__xludf.DUMMYFUNCTION("""COMPUTED_VALUE"""),"") | S16: =IFERROR(__xludf.DUMMYFUNCTION("""COMPUTED_VALUE"""),"") | T16: =IFERROR(__xludf.DUMMYFUNCTION("""COMPUTED_VALUE"""),"") | U16: =IFERROR(__xludf.DUMMYFUNCTION("""COMPUTED_VALUE"""),"") | V16: =IFERROR(__xludf.DUMMYFUNCTION("""COMPUTED_VALUE"""),"") | W16: =IFERROR(__xludf.DUMMYFUNCTION("""COMPUTED_VALUE"""),"") | X16: =IFERROR(__xludf.DUMMYFUNCTION("""COMPUTED_VALUE"""),"") | ... AN16: =IFERROR(__xludf.DUMMYFUNCTION("""COMPUTED_VALUE"""),"")
A17: KOREWATARA | B17: =IFERROR(__xludf.DUMMYFUNCTION("""COMPUTED_VALUE"""),"PAPUA BARAT") -> PAPUA BARAT | C17: =IFERROR(__xludf.DUMMYFUNCTION("""COMPUTED_VALUE"""),"JS87") -> JS87 | D17: JS PRO | G17: SNMP sudah up | H17: =AVERAGE(J17:AN17) -> 0.99900571 | I17: =IF(H17<75%, "Potensi SP", "") | J17: =IFERROR(__xludf.DUMMYFUNCTION("""COMPUTED_VALUE"""),1.0) -> 1 | K17: =IFERROR(__xludf.DUMMYFUNCTION("""COMPUTED_VALUE"""),0.99652) -> 0.99652 | L17: =IFERROR(__xludf.DUMMYFUNCTION("""COMPUTED_VALUE"""),1.0) -> 1 | M17: =IFERROR(__xludf.DUMMYFUNCTION("""COMPUTED_VALUE"""),1.0) -> 1 | N17: =IFERROR(__xludf.DUMMYFUNCTION("""COMPUTED_VALUE"""),1.0) -> 1 | O17: =IFERROR(__xludf.DUMMYFUNCTION("""COMPUTED_VALUE"""),1.0) -> 1 | P17: =IFERROR(__xludf.DUMMYFUNCTION("""COMPUTED_VALUE"""),0.99652) -> 0.99652 | Q17: =IFERROR(__xludf.DUMMYFUNCTION("""COMPUTED_VALUE"""),"") | R17: =IFERROR(__xludf.DUMMYFUNCTION("""COMPUTED_VALUE"""),"") | S17: =IFERROR(__xludf.DUMMYFUNCTION("""COMPUTED_VALUE"""),"") | T17: =IFERROR(__xludf.DUMMYFUNCTION("""COMPUTED_VALUE"""),"") | U17: =IFERROR(__xludf.DUMMYFUNCTION("""COMPUTED_VALUE"""),"") | V17: =IFERROR(__xludf.DUMMYFUNCTION("""COMPUTED_VALUE"""),"") | W17: =IFERROR(__xludf.DUMMYFUNCTION("""COMPUTED_VALUE"""),"") | X17: =IFERROR(__xludf.DUMMYFUNCTION("""COMPUTED_VALUE"""),"") | ... AN17: =IFERROR(__xludf.DUMMYFUNCTION("""COMPUTED_VALUE"""),"")
A18: OCIMALOLEO | B18: =IFERROR(__xludf.DUMMYFUNCTION("""COMPUTED_VALUE"""),"MALUKU UTARA") -> MALUKU UTARA | C18: =IFERROR(__xludf.DUMMYFUNCTION("""COMPUTED_VALUE"""),"JS127") -> JS127 | D18: JS PRO | F18: VSAT | G18: vsat sudah up | H18: =AVERAGE(J18:AN18) -> 0.88194143 | I18: =IF(H18<75%, "Potensi SP", "") | J18: =IFERROR(__xludf.DUMMYFUNCTION("""COMPUTED_VALUE"""),1.0) -> 1 | K18: =IFERROR(__xludf.DUMMYFUNCTION("""COMPUTED_VALUE"""),1.0) -> 1 | L18: =IFERROR(__xludf.DUMMYFUNCTION("""COMPUTED_VALUE"""),1.0) -> 1 | M18: =IFERROR(__xludf.DUMMYFUNCTION("""COMPUTED_VALUE"""),0.6556399999999999) -> 0.65564 | N18: =IFERROR(__xludf.DUMMYFUNCTION("""COMPUTED_VALUE"""),0.51795) -> 0.51795 | O18: =IFERROR(__xludf.DUMMYFUNCTION("""COMPUTED_VALUE"""),1.0) -> 1 | P18: =IFERROR(__xludf.DUMMYFUNCTION("""COMPUTED_VALUE"""),1.0) -> 1 | Q18: =IFERROR(__xludf.DUMMYFUNCTION("""COMPUTED_VALUE"""),"") | R18: =IFERROR(__xludf.DUMMYFUNCTION("""COMPUTED_VALUE"""),"") | S18: =IFERROR(__xludf.DUMMYFUNCTION("""COMPUTED_VALUE"""),"") | T18: =IFERROR(__xludf.DUMMYFUNCTION("""COMPUTED_VALUE"""),"") | U18: =IFERROR(__xludf.DUMMYFUNCTION("""COMPUTED_VALUE"""),"") | V18: =IFERROR(__xludf.DUMMYFUNCTION("""COMPUTED_VALUE"""),"") | W18: =IFERROR(__xludf.DUMMYFUNCTION("""COMPUTED_VALUE"""),"") | X18: =IFERROR(__xludf.DUMMYFUNCTION("""COMPUTED_VALUE"""),"") | ... AN18: =IFERROR(__xludf.DUMMYFUNCTION("""COMPUTED_VALUE"""),"")
A19: WAYATIM | B19: =IFERROR(__xludf.DUMMYFUNCTION("""COMPUTED_VALUE"""),"MALUKU UTARA") -> MALUKU UTARA | C19: =IFERROR(__xludf.DUMMYFUNCTION("""COMPUTED_VALUE"""),"JS10") -> JS10 | D19: JS PRO | G19: Sudah up | H19: =AVERAGE(J19:AN19) -> 1 | I19: =IF(H19<75%, "Potensi SP", "") | J19: =IFERROR(__xludf.DUMMYFUNCTION("""COMPUTED_VALUE"""),1.0) -> 1 | K19: =IFERROR(__xludf.DUMMYFUNCTION("""COMPUTED_VALUE"""),1.0) -> 1 | L19: =IFERROR(__xludf.DUMMYFUNCTION("""COMPUTED_VALUE"""),1.0) -> 1 | M19: =IFERROR(__xludf.DUMMYFUNCTION("""COMPUTED_VALUE"""),1.0) -> 1 | N19: =IFERROR(__xludf.DUMMYFUNCTION("""COMPUTED_VALUE"""),1.0) -> 1 | O19: =IFERROR(__xludf.DUMMYFUNCTION("""COMPUTED_VALUE"""),1.0) -> 1 | P19: =IFERROR(__xludf.DUMMYFUNCTION("""COMPUTED_VALUE"""),1.0) -> 1 | Q19: =IFERROR(__xludf.DUMMYFUNCTION("""COMPUTED_VALUE"""),"") | R19: =IFERROR(__xludf.DUMMYFUNCTION("""COMPUTED_VALUE"""),"") | S19: =IFERROR(__xludf.DUMMYFUNCTION("""COMPUTED_VALUE"""),"") | T19: =IFERROR(__xludf.DUMMYFUNCTION("""COMPUTED_VALUE"""),"") | U19: =IFERROR(__xludf.DUMMYFUNCTION("""COMPUTED_VALUE"""),"") | V19: =IFERROR(__xludf.DUMMYFUNCTION("""COMPUTED_VALUE"""),"") | W19: =IFERROR(__xludf.DUMMYFUNCTION("""COMPUTED_VALUE"""),"") | X19: =IFERROR(__xludf.DUMMYFUNCTION("""COMPUTED_VALUE"""),"") | ... AN19: =IFERROR(__xludf.DUMMYFUNCTION("""COMPUTED_VALUE"""),"")
A20: WARLOI | B20: =IFERROR(__xludf.DUMMYFUNCTION("""COMPUTED_VALUE"""),"MALUKU") -> MALUKU | C20: =IFERROR(__xludf.DUMMYFUNCTION("""COMPUTED_VALUE"""),"JS28") -> JS28 | D20: JS PRO | G20: SNMP sudah up | H20: =AVERAGE(J20:AN20) -> 1 | I20: =IF(H20<75%, "Potensi SP", "") | J20: =IFERROR(__xludf.DUMMYFUNCTION("""COMPUTED_VALUE"""),1.0) -> 1 | K20: =IFERROR(__xludf.DUMMYFUNCTION("""COMPUTED_VALUE"""),1.0) -> 1 | L20: =IFERROR(__xludf.DUMMYFUNCTION("""COMPUTED_VALUE"""),1.0) -> 1 | M20: =IFERROR(__xludf.DUMMYFUNCTION("""COMPUTED_VALUE"""),1.0) -> 1 | N20: =IFERROR(__xludf.DUMMYFUNCTION("""COMPUTED_VALUE"""),1.0) -> 1 | O20: =IFERROR(__xludf.DUMMYFUNCTION("""COMPUTED_VALUE"""),1.0) -> 1 | P20: =IFERROR(__xludf.DUMMYFUNCTION("""COMPUTED_VALUE"""),1.0) -> 1 | Q20: =IFERROR(__xludf.DUMMYFUNCTION("""COMPUTED_VALUE"""),"") | R20: =IFERROR(__xludf.DUMMYFUNCTION("""COMPUTED_VALUE"""),"") | S20: =IFERROR(__xludf.DUMMYFUNCTION("""COMPUTED_VALUE"""),"") | T20: =IFERROR(__xludf.DUMMYFUNCTION("""COMPUTED_VALUE"""),"") | U20: =IFERROR(__xludf.DUMMYFUNCTION("""COMPUTED_VALUE"""),"") | V20: =IFERROR(__xludf.DUMMYFUNCTION("""COMPUTED_VALUE"""),"") | W20: =IFERROR(__xludf.DUMMYFUNCTION("""COMPUTED_VALUE"""),"") | X20: =IFERROR(__xludf.DUMMYFUNCTION("""COMPUTED_VALUE"""),"") | ... AN20: =IFERROR(__xludf.DUMMYFUNCTION("""COMPUTED_VALUE"""),"")
A21: RUMOY | B21: =IFERROR(__xludf.DUMMYFUNCTION("""COMPUTED_VALUE"""),"MALUKU") -> MALUKU | C21: =IFERROR(__xludf.DUMMYFUNCTION("""COMPUTED_VALUE"""),"JS97") -> JS97 | D21: Talis5 Full | E21: 12 December 2024 | F21: POWER-Tiket-onprogres | G21: SNMP masih down | H21: =AVERAGE(J21:AN21) -> 0 | I21: =IF(H21<75%, "Potensi SP", "") -> Potensi SP | J21: =IFERROR(__xludf.DUMMYFUNCTION("""COMPUTED_VALUE"""),0.0) -> 0 | K21: =IFERROR(__xludf.DUMMYFUNCTION("""COMPUTED_VALUE"""),0.0) -> 0 | L21: =IFERROR(__xludf.DUMMYFUNCTION("""COMPUTED_VALUE"""),0.0) -> 0 | M21: =IFERROR(__xludf.DUMMYFUNCTION("""COMPUTED_VALUE"""),0.0) -> 0 | N21: =IFERROR(__xludf.DUMMYFUNCTION("""COMPUTED_VALUE"""),0.0) -> 0 | O21: =IFERROR(__xludf.DUMMYFUNCTION("""COMPUTED_VALUE"""),0.0) -> 0 | P21: =IFERROR(__xludf.DUMMYFUNCTION("""COMPUTED_VALUE"""),0.0) -> 0 | Q21: =IFERROR(__xludf.DUMMYFUNCTION("""COMPUTED_VALUE"""),"") | R21: =IFERROR(__xludf.DUMMYFUNCTION("""COMPUTED_VALUE"""),"") | S21: =IFERROR(__xludf.DUMMYFUNCTION("""COMPUTED_VALUE"""),"") | T21: =IFERROR(__xludf.DUMMYFUNCTION("""COMPUTED_VALUE"""),"") | U21: =IFERROR(__xludf.DUMMYFUNCTION("""COMPUTED_VALUE"""),"") | V21: =IFERROR(__xludf.DUMMYFUNCTION("""COMPUTED_VALUE"""),"") | W21: =IFERROR(__xludf.DUMMYFUNCTION("""COMPUTED_VALUE"""),"") | X21: =IFERROR(__xludf.DUMMYFUNCTION("""COMPUTED_VALUE"""),"") | ... AN21: =IFERROR(__xludf.DUMMYFUNCTION("""COMPUTED_VALUE"""),"")
A22: BORI | B22: =IFERROR(__xludf.DUMMYFUNCTION("""COMPUTED_VALUE"""),"PAPUA BARAT") -> PAPUA BARAT | C22: =IFERROR(__xludf.DUMMYFUNCTION("""COMPUTED_VALUE"""),"JS50") -> JS50 | D22: JS PRO | G22: Insiden Power Terbakar (Done donor), site sudah up | H22: =AVERAGE(J22:AN22) -> 0.98065286 | I22: =IF(H22<75%, "Potensi SP", "") | J22: =IFERROR(__xludf.DUMMYFUNCTION("""COMPUTED_VALUE"""),1.0) -> 1 | K22: =IFERROR(__xludf.DUMMYFUNCTION("""COMPUTED_VALUE"""),1.0) -> 1 | L22: =IFERROR(__xludf.DUMMYFUNCTION("""COMPUTED_VALUE"""),0.99652) -> 0.99652 | M22: =IFERROR(__xludf.DUMMYFUNCTION("""COMPUTED_VALUE"""),0.8680500000000001) -> 0.86805 | N22: =IFERROR(__xludf.DUMMYFUNCTION("""COMPUTED_VALUE"""),1.0) -> 1 | O22: =IFERROR(__xludf.DUMMYFUNCTION("""COMPUTED_VALUE"""),1.0) -> 1 | P22: =IFERROR(__xludf.DUMMYFUNCTION("""COMPUTED_VALUE"""),1.0) -> 1 | Q22: =IFERROR(__xludf.DUMMYFUNCTION("""COMPUTED_VALUE"""),"") | R22: =IFERROR(__xludf.DUMMYFUNCTION("""COMPUTED_VALUE"""),"") | S22: =IFERROR(__xludf.DUMMYFUNCTION("""COMPUTED_VALUE"""),"") | T22: =IFERROR(__xludf.DUMMYFUNCTION("""COMPUTED_VALUE"""),"") | U22: =IFERROR(__xludf.DUMMYFUNCTION("""COMPUTED_VALUE"""),"") | V22: =IFERROR(__xludf.DUMMYFUNCTION("""COMPUTED_VALUE"""),"") | W22: =IFERROR(__xludf.DUMMYFUNCTION("""COMPUTED_VALUE"""),"") | X22: =IFERROR(__xludf.DUMMYFUNCTION("""COMPUTED_VALUE"""),"") | ... AN22: =IFERROR(__xludf.DUMMYFUNCTION("""COMPUTED_VALUE"""),"")
A23: MAKARORO | B23: =IFERROR(__xludf.DUMMYFUNCTION("""COMPUTED_VALUE"""),"PAPUA BARAT") -> PAPUA BARAT | C23: =IFERROR(__xludf.DUMMYFUNCTION("""COMPUTED_VALUE"""),"JS76") -> JS76 | D23: Talis5 Full | E23: 15 December 2024 | F23: POWER | G23: SNMP up down | H23: =AVERAGE(J23:AN23) -> 0.75631429 | I23: =IF(H23<75%, "Potensi SP", "") | J23: =IFERROR(__xludf.DUMMYFUNCTION("""COMPUTED_VALUE"""),0.0) -> 0 | K23: =IFERROR(__xludf.DUMMYFUNCTION("""COMPUTED_VALUE"""),0.63798) -> 0.63798 | L23: =IFERROR(__xludf.DUMMYFUNCTION("""COMPUTED_VALUE"""),1.0) -> 1 | M23: =IFERROR(__xludf.DUMMYFUNCTION("""COMPUTED_VALUE"""),0.7569400000000001) -> 0.75694 | N23: =IFERROR(__xludf.DUMMYFUNCTION("""COMPUTED_VALUE"""),0.89928) -> 0.89928 | O23: =IFERROR(__xludf.DUMMYFUNCTION("""COMPUTED_VALUE"""),1.0) -> 1 | P23: =IFERROR(__xludf.DUMMYFUNCTION("""COMPUTED_VALUE"""),1.0) -> 1 | Q23: =IFERROR(__xludf.DUMMYFUNCTION("""COMPUTED_VALUE"""),"") | R23: =IFERROR(__xludf.DUMMYFUNCTION("""COMPUTED_VALUE"""),"") | S23: =IFERROR(__xludf.DUMMYFUNCTION("""COMPUTED_VALUE"""),"") | T23: =IFERROR(__xludf.DUMMYFUNCTION("""COMPUTED_VALUE"""),"") | U23: =IFERROR(__xludf.DUMMYFUNCTION("""COMPUTED_VALUE"""),"") | V23: =IFERROR(__xludf.DUMMYFUNCTION("""COMPUTED_VALUE"""),"") | W23: =IFERROR(__xludf.DUMMYFUNCTION("""COMPUTED_VALUE"""),"") | X23: =IFERROR(__xludf.DUMMYFUNCTION("""COMPUTED_VALUE"""),"") | ... AN23: =IFERROR(__xludf.DUMMYFUNCTION("""COMPUTED_VALUE"""),"")
A24: MAWE | B24: =IFERROR(__xludf.DUMMYFUNCTION("""COMPUTED_VALUE"""),"PAPUA BARAT") -> PAPUA BARAT | C24: =IFERROR(__xludf.DUMMYFUNCTION("""COMPUTED_VALUE"""),"JS53") -> JS53 | D24: JS PRO | H24: =AVERAGE(J24:AN24) -> 0.99950143 | I24: =IF(H24<75%, "Potensi SP", "") | J24: =IFERROR(__xludf.DUMMYFUNCTION("""COMPUTED_VALUE"""),1.0) -> 1 | K24: =IFERROR(__xludf.DUMMYFUNCTION("""COMPUTED_VALUE"""),1.0) -> 1 | L24: =IFERROR(__xludf.DUMMYFUNCTION("""COMPUTED_VALUE"""),1.0) -> 1 | M24: =IFERROR(__xludf.DUMMYFUNCTION("""COMPUTED_VALUE"""),1.0) -> 1 | N24: =IFERROR(__xludf.DUMMYFUNCTION("""COMPUTED_VALUE"""),0.99651) -> 0.99651 | O24: =IFERROR(__xludf.DUMMYFUNCTION("""COMPUTED_VALUE"""),1.0) -> 1 | P24: =IFERROR(__xludf.DUMMYFUNCTION("""COMPUTED_VALUE"""),1.0) -> 1 | Q24: =IFERROR(__xludf.DUMMYFUNCTION("""COMPUTED_VALUE"""),"") | R24: =IFERROR(__xludf.DUMMYFUNCTION("""COMPUTED_VALUE"""),"") | S24: =IFERROR(__xludf.DUMMYFUNCTION("""COMPUTED_VALUE"""),"") | T24: =IFERROR(__xludf.DUMMYFUNCTION("""COMPUTED_VALUE"""),"") | U24: =IFERROR(__xludf.DUMMYFUNCTION("""COMPUTED_VALUE"""),"") | V24: =IFERROR(__xludf.DUMMYFUNCTION("""COMPUTED_VALUE"""),"") | W24: =IFERROR(__xludf.DUMMYFUNCTION("""COMPUTED_VALUE"""),"") | X24: =IFERROR(__xludf.DUMMYFUNCTION("""COMPUTED_VALUE"""),"") | ... AN24: =IFERROR(__xludf.DUMMYFUNCTION("""COMPUTED_VALUE"""),"")
A25: KAMPUNG BARU 1 | B25: =IFERROR(__xludf.DUMMYFUNCTION("""COMPUTED_VALUE"""),"MALUKU UTARA") -> MALUKU UTARA | C25: =IFERROR(__xludf.DUMMYFUNCTION("""COMPUTED_VALUE"""),"JS8") -> JS8 | D25: JS PRO | G25: SNMP sudah UP | H25: =AVERAGE(J25:AN25) -> 0.99900857 | I25: =IF(H25<75%, "Potensi SP", "") | J25: =IFERROR(__xludf.DUMMYFUNCTION("""COMPUTED_VALUE"""),1.0) -> 1 | K25: =IFERROR(__xludf.DUMMYFUNCTION("""COMPUTED_VALUE"""),1.0) -> 1 | L25: =IFERROR(__xludf.DUMMYFUNCTION("""COMPUTED_VALUE"""),1.0) -> 1 | M25: =IFERROR(__xludf.DUMMYFUNCTION("""COMPUTED_VALUE"""),1.0) -> 1 | N25: =IFERROR(__xludf.DUMMYFUNCTION("""COMPUTED_VALUE"""),0.9930599999999999) -> 0.99306 | O25: =IFERROR(__xludf.DUMMYFUNCTION("""COMPUTED_VALUE"""),1.0) -> 1 | P25: =IFERROR(__xludf.DUMMYFUNCTION("""COMPUTED_VALUE"""),1.0) -> 1 | Q25: =IFERROR(__xludf.DUMMYFUNCTION("""COMPUTED_VALUE"""),"") | R25: =IFERROR(__xludf.DUMMYFUNCTION("""COMPUTED_VALUE"""),"") | S25: =IFERROR(__xludf.DUMMYFUNCTION("""COMPUTED_VALUE"""),"") | T25: =IFERROR(__xludf.DUMMYFUNCTION("""COMPUTED_VALUE"""),"") | U25: =IFERROR(__xludf.DUMMYFUNCTION("""COMPUTED_VALUE"""),"") | V25: =IFERROR(__xludf.DUMMYFUNCTION("""COMPUTED_VALUE"""),"") | W25: =IFERROR(__xludf.DUMMYFUNCTION("""COMPUTED_VALUE"""),"") | X25: =IFERROR(__xludf.DUMMYFUNCTION("""COMPUTED_VALUE"""),"") | ... AN25: =IFERROR(__xludf.DUMMYFUNCTION("""COMPUTED_VALUE"""),"")
A26: NIAP | B26: =IFERROR(__xludf.DUMMYFUNCTION("""COMPUTED_VALUE"""),"PAPUA BARAT") -> PAPUA BARAT | C26: =IFERROR(__xludf.DUMMYFUNCTION("""COMPUTED_VALUE"""),"JS26") -> JS26 | D26: Talis5 Full | E26: 04 August 2025 | G26: SNMP sudah UP | H26: =AVERAGE(J26:AN26) -> 1 | I26: =IF(H26<75%, "Potensi SP", "") | J26: =IFERROR(__xludf.DUMMYFUNCTION("""COMPUTED_VALUE"""),1.0) -> 1 | K26: =IFERROR(__xludf.DUMMYFUNCTION("""COMPUTED_VALUE"""),1.0) -> 1 | L26: =IFERROR(__xludf.DUMMYFUNCTION("""COMPUTED_VALUE"""),1.0) -> 1 | M26: =IFERROR(__xludf.DUMMYFUNCTION("""COMPUTED_VALUE"""),1.0) -> 1 | N26: =IFERROR(__xludf.DUMMYFUNCTION("""COMPUTED_VALUE"""),1.0) -> 1 | O26: =IFERROR(__xludf.DUMMYFUNCTION("""COMPUTED_VALUE"""),1.0) -> 1 | P26: =IFERROR(__xludf.DUMMYFUNCTION("""COMPUTED_VALUE"""),1.0) -> 1 | Q26: =IFERROR(__xludf.DUMMYFUNCTION("""COMPUTED_VALUE"""),"") | R26: =IFERROR(__xludf.DUMMYFUNCTION("""COMPUTED_VALUE"""),"") | S26: =IFERROR(__xludf.DUMMYFUNCTION("""COMPUTED_VALUE"""),"") | T26: =IFERROR(__xludf.DUMMYFUNCTION("""COMPUTED_VALUE"""),"") | U26: =IFERROR(__xludf.DUMMYFUNCTION("""COMPUTED_VALUE"""),"") | V26: =IFERROR(__xludf.DUMMYFUNCTION("""COMPUTED_VALUE"""),"") | W26: =IFERROR(__xludf.DUMMYFUNCTION("""COMPUTED_VALUE"""),"") | X26: =IFERROR(__xludf.DUMMYFUNCTION("""COMPUTED_VALUE"""),"") | ... AN26: =IFERROR(__xludf.DUMMYFUNCTION("""COMPUTED_VALUE"""),"")
A27: SILANG | B27: =IFERROR(__xludf.DUMMYFUNCTION("""COMPUTED_VALUE"""),"MALUKU UTARA") -> MALUKU UTARA | C27: =IFERROR(__xludf.DUMMYFUNCTION("""COMPUTED_VALUE"""),"JS07") -> JS07 | D27: Talis5 Mix | E27: 16 January 2025 | G27: SNMP sudah UP | H27: =AVERAGE(J27:AN27) -> 1 | I27: =IF(H27<75%, "Potensi SP", "") | J27: =IFERROR(__xludf.DUMMYFUNCTION("""COMPUTED_VALUE"""),1.0) -> 1 | K27: =IFERROR(__xludf.DUMMYFUNCTION("""COMPUTED_VALUE"""),1.0) -> 1 | L27: =IFERROR(__xludf.DUMMYFUNCTION("""COMPUTED_VALUE"""),1.0) -> 1 | M27: =IFERROR(__xludf.DUMMYFUNCTION("""COMPUTED_VALUE"""),1.0) -> 1 | N27: =IFERROR(__xludf.DUMMYFUNCTION("""COMPUTED_VALUE"""),1.0) -> 1 | O27: =IFERROR(__xludf.DUMMYFUNCTION("""COMPUTED_VALUE"""),1.0) -> 1 | P27: =IFERROR(__xludf.DUMMYFUNCTION("""COMPUTED_VALUE"""),1.0) -> 1 | Q27: =IFERROR(__xludf.DUMMYFUNCTION("""COMPUTED_VALUE"""),"") | R27: =IFERROR(__xludf.DUMMYFUNCTION("""COMPUTED_VALUE"""),"") | S27: =IFERROR(__xludf.DUMMYFUNCTION("""COMPUTED_VALUE"""),"") | T27: =IFERROR(__xludf.DUMMYFUNCTION("""COMPUTED_VALUE"""),"") | U27: =IFERROR(__xludf.DUMMYFUNCTION("""COMPUTED_VALUE"""),"") | V27: =IFERROR(__xludf.DUMMYFUNCTION("""COMPUTED_VALUE"""),"") | W27: =IFERROR(__xludf.DUMMYFUNCTION("""COMPUTED_VALUE"""),"") | X27: =IFERROR(__xludf.DUMMYFUNCTION("""COMPUTED_VALUE"""),"") | ... AN27: =IFERROR(__xludf.DUMMYFUNCTION("""COMPUTED_VALUE"""),"")
A28: SEKELY | B28: =IFERROR(__xludf.DUMMYFUNCTION("""COMPUTED_VALUE"""),"MALUKU UTARA") -> MALUKU UTARA | C28: =IFERROR(__xludf.DUMMYFUNCTION("""COMPUTED_VALUE"""),"JS119") -> JS119 | D28: JS PRO | H28: =AVERAGE(J28:AN28) -> 1 | I28: =IF(H28<75%, "Potensi SP", "") | J28: =IFERROR(__xludf.DUMMYFUNCTION("""COMPUTED_VALUE"""),1.0) -> 1 | K28: =IFERROR(__xludf.DUMMYFUNCTION("""COMPUTED_VALUE"""),1.0) -> 1 | L28: =IFERROR(__xludf.DUMMYFUNCTION("""COMPUTED_VALUE"""),1.0) -> 1 | M28: =IFERROR(__xludf.DUMMYFUNCTION("""COMPUTED_VALUE"""),1.0) -> 1 | N28: =IFERROR(__xludf.DUMMYFUNCTION("""COMPUTED_VALUE"""),1.0) -> 1 | O28: =IFERROR(__xludf.DUMMYFUNCTION("""COMPUTED_VALUE"""),1.0) -> 1 | P28: =IFERROR(__xludf.DUMMYFUNCTION("""COMPUTED_VALUE"""),1.0) -> 1 | Q28: =IFERROR(__xludf.DUMMYFUNCTION("""COMPUTED_VALUE"""),"") | R28: =IFERROR(__xludf.DUMMYFUNCTION("""COMPUTED_VALUE"""),"") | S28: =IFERROR(__xludf.DUMMYFUNCTION("""COMPUTED_VALUE"""),"") | T28: =IFERROR(__xludf.DUMMYFUNCTION("""COMPUTED_VALUE"""),"") | U28: =IFERROR(__xludf.DUMMYFUNCTION("""COMPUTED_VALUE"""),"") | V28: =IFERROR(__xludf.DUMMYFUNCTION("""COMPUTED_VALUE"""),"") | W28: =IFERROR(__xludf.DUMMYFUNCTION("""COMPUTED_VALUE"""),"") | X28: =IFERROR(__xludf.DUMMYFUNCTION("""COMPUTED_VALUE"""),"") | ... AN28: =IFERROR(__xludf.DUMMYFUNCTION("""COMPUTED_VALUE"""),"")
A29: SOROWAN | B29: =IFERROR(__xludf.DUMMYFUNCTION("""COMPUTED_VALUE"""),"PAPUA BARAT") -> PAPUA BARAT | C29: =IFERROR(__xludf.DUMMYFUNCTION("""COMPUTED_VALUE"""),"JS89") -> JS89 | D29: Talis5 Full | E29: 14 December 2024 | H29: =AVERAGE(J29:AN29) -> 1 | I29: =IF(H29<75%, "Potensi SP", "") | J29: =IFERROR(__xludf.DUMMYFUNCTION("""COMPUTED_VALUE"""),1.0) -> 1 | K29: =IFERROR(__xludf.DUMMYFUNCTION("""COMPUTED_VALUE"""),1.0) -> 1 | L29: =IFERROR(__xludf.DUMMYFUNCTION("""COMPUTED_VALUE"""),1.0) -> 1 | M29: =IFERROR(__xludf.DUMMYFUNCTION("""COMPUTED_VALUE"""),1.0) -> 1 | N29: =IFERROR(__xludf.DUMMYFUNCTION("""COMPUTED_VALUE"""),1.0) -> 1 | O29: =IFERROR(__xludf.DUMMYFUNCTION("""COMPUTED_VALUE"""),1.0) -> 1 | P29: =IFERROR(__xludf.DUMMYFUNCTION("""COMPUTED_VALUE"""),1.0) -> 1 | Q29: =IFERROR(__xludf.DUMMYFUNCTION("""COMPUTED_VALUE"""),"") | R29: =IFERROR(__xludf.DUMMYFUNCTION("""COMPUTED_VALUE"""),"") | S29: =IFERROR(__xludf.DUMMYFUNCTION("""COMPUTED_VALUE"""),"") | T29: =IFERROR(__xludf.DUMMYFUNCTION("""COMPUTED_VALUE"""),"") | U29: =IFERROR(__xludf.DUMMYFUNCTION("""COMPUTED_VALUE"""),"") | V29: =IFERROR(__xludf.DUMMYFUNCTION("""COMPUTED_VALUE"""),"") | W29: =IFERROR(__xludf.DUMMYFUNCTION("""COMPUTED_VALUE"""),"") | X29: =IFERROR(__xludf.DUMMYFUNCTION("""COMPUTED_VALUE"""),"") | ... AN29: =IFERROR(__xludf.DUMMYFUNCTION("""COMPUTED_VALUE"""),"")
A30: TUTUPA | B30: =IFERROR(__xludf.DUMMYFUNCTION("""COMPUTED_VALUE"""),"MALUKU UTARA") -> MALUKU UTARA | C30: =IFERROR(__xludf.DUMMYFUNCTION("""COMPUTED_VALUE"""),"JS16") -> JS16 | D30: JS PRO | G30: VSAT sudah up | H30: =AVERAGE(J30:AN30) -> 0.99801429 | I30: =IF(H30<75%, "Potensi SP", "") | J30: =IFERROR(__xludf.DUMMYFUNCTION("""COMPUTED_VALUE"""),0.99652) -> 0.99652 | K30: =IFERROR(__xludf.DUMMYFUNCTION("""COMPUTED_VALUE"""),1.0) -> 1 | L30: =IFERROR(__xludf.DUMMYFUNCTION("""COMPUTED_VALUE"""),1.0) -> 1 | M30: =IFERROR(__xludf.DUMMYFUNCTION("""COMPUTED_VALUE"""),1.0) -> 1 | N30: =IFERROR(__xludf.DUMMYFUNCTION("""COMPUTED_VALUE"""),0.98958) -> 0.98958 | O30: =IFERROR(__xludf.DUMMYFUNCTION("""COMPUTED_VALUE"""),1.0) -> 1 | P30: =IFERROR(__xludf.DUMMYFUNCTION("""COMPUTED_VALUE"""),1.0) -> 1 | Q30: =IFERROR(__xludf.DUMMYFUNCTION("""COMPUTED_VALUE"""),"") | R30: =IFERROR(__xludf.DUMMYFUNCTION("""COMPUTED_VALUE"""),"") | S30: =IFERROR(__xludf.DUMMYFUNCTION("""COMPUTED_VALUE"""),"") | T30: =IFERROR(__xludf.DUMMYFUNCTION("""COMPUTED_VALUE"""),"") | U30: =IFERROR(__xludf.DUMMYFUNCTION("""COMPUTED_VALUE"""),"") | V30: =IFERROR(__xludf.DUMMYFUNCTION("""COMPUTED_VALUE"""),"") | W30: =IFERROR(__xludf.DUMMYFUNCTION("""COMPUTED_VALUE"""),"") | X30: =IFERROR(__xludf.DUMMYFUNCTION("""COMPUTED_VALUE"""),"") | ... AN30: =IFERROR(__xludf.DUMMYFUNCTION("""COMPUTED_VALUE"""),"")
A31: BOLDON | B31: =IFERROR(__xludf.DUMMYFUNCTION("""COMPUTED_VALUE"""),"PAPUA BARAT") -> PAPUA BARAT | C31: =IFERROR(__xludf.DUMMYFUNCTION("""COMPUTED_VALUE"""),"JS86") -> JS86 | D31: JS PRO | G31: Vsat Sudah up | H31: =AVERAGE(J31:AN31) -> 0.96974143 | I31: =IF(H31<75%, "Potensi SP", "") | J31: =IFERROR(__xludf.DUMMYFUNCTION("""COMPUTED_VALUE"""),1.0) -> 1 | K31: =IFERROR(__xludf.DUMMYFUNCTION("""COMPUTED_VALUE"""),1.0) -> 1 | L31: =IFERROR(__xludf.DUMMYFUNCTION("""COMPUTED_VALUE"""),0.7881900000000001) -> 0.78819 | M31: =IFERROR(__xludf.DUMMYFUNCTION("""COMPUTED_VALUE"""),1.0) -> 1 | N31: =IFERROR(__xludf.DUMMYFUNCTION("""COMPUTED_VALUE"""),1.0) -> 1 | O31: =IFERROR(__xludf.DUMMYFUNCTION("""COMPUTED_VALUE"""),1.0) -> 1 | P31: =IFERROR(__xludf.DUMMYFUNCTION("""COMPUTED_VALUE"""),1.0) -> 1 | Q31: =IFERROR(__xludf.DUMMYFUNCTION("""COMPUTED_VALUE"""),"") | R31: =IFERROR(__xludf.DUMMYFUNCTION("""COMPUTED_VALUE"""),"") | S31: =IFERROR(__xludf.DUMMYFUNCTION("""COMPUTED_VALUE"""),"") | T31: =IFERROR(__xludf.DUMMYFUNCTION("""COMPUTED_VALUE"""),"") | U31: =IFERROR(__xludf.DUMMYFUNCTION("""COMPUTED_VALUE"""),"") | V31: =IFERROR(__xludf.DUMMYFUNCTION("""COMPUTED_VALUE"""),"") | W31: =IFERROR(__xludf.DUMMYFUNCTION("""COMPUTED_VALUE"""),"") | X31: =IFERROR(__xludf.DUMMYFUNCTION("""COMPUTED_VALUE"""),"") | ... AN31: =IFERROR(__xludf.DUMMYFUNCTION("""COMPUTED_VALUE"""),"")
A32: SAYORI SIKAMA | B32: =IFERROR(__xludf.DUMMYFUNCTION("""COMPUTED_VALUE"""),"PAPUA BARAT") -> PAPUA BARAT | C32: =IFERROR(__xludf.DUMMYFUNCTION("""COMPUTED_VALUE"""),"JS23") -> JS23 | D32: Talis5 Full | E32: 06 August 2025 | H32: =AVERAGE(J32:AN32) -> 1 | I32: =IF(H32<75%, "Potensi SP", "") | J32: =IFERROR(__xludf.DUMMYFUNCTION("""COMPUTED_VALUE"""),1.0) -> 1 | K32: =IFERROR(__xludf.DUMMYFUNCTION("""COMPUTED_VALUE"""),1.0) -> 1 | L32: =IFERROR(__xludf.DUMMYFUNCTION("""COMPUTED_VALUE"""),1.0) -> 1 | M32: =IFERROR(__xludf.DUMMYFUNCTION("""COMPUTED_VALUE"""),1.0) -> 1 | N32: =IFERROR(__xludf.DUMMYFUNCTION("""COMPUTED_VALUE"""),1.0) -> 1 | O32: =IFERROR(__xludf.DUMMYFUNCTION("""COMPUTED_VALUE"""),1.0) -> 1 | P32: =IFERROR(__xludf.DUMMYFUNCTION("""COMPUTED_VALUE"""),1.0) -> 1 | Q32: =IFERROR(__xludf.DUMMYFUNCTION("""COMPUTED_VALUE"""),"") | R32: =IFERROR(__xludf.DUMMYFUNCTION("""COMPUTED_VALUE"""),"") | S32: =IFERROR(__xludf.DUMMYFUNCTION("""COMPUTED_VALUE"""),"") | T32: =IFERROR(__xludf.DUMMYFUNCTION("""COMPUTED_VALUE"""),"") | U32: =IFERROR(__xludf.DUMMYFUNCTION("""COMPUTED_VALUE"""),"") | V32: =IFERROR(__xludf.DUMMYFUNCTION("""COMPUTED_VALUE"""),"") | W32: =IFERROR(__xludf.DUMMYFUNCTION("""COMPUTED_VALUE"""),"") | X32: =IFERROR(__xludf.DUMMYFUNCTION("""COMPUTED_VALUE"""),"") | ... AN32: =IFERROR(__xludf.DUMMYFUNCTION("""COMPUTED_VALUE"""),"")
A33: NANIMORI | B33: =IFERROR(__xludf.DUMMYFUNCTION("""COMPUTED_VALUE"""),"PAPUA BARAT") -> PAPUA BARAT | C33: =IFERROR(__xludf.DUMMYFUNCTION("""COMPUTED_VALUE"""),"JS11") -> JS11 | D33: Talis5 Full | E33: 10 August 2025 | H33: =AVERAGE(J33:AN33) -> 1 | I33: =IF(H33<75%, "Potensi SP", "") | J33: =IFERROR(__xludf.DUMMYFUNCTION("""COMPUTED_VALUE"""),1.0) -> 1 | K33: =IFERROR(__xludf.DUMMYFUNCTION("""COMPUTED_VALUE"""),1.0) -> 1 | L33: =IFERROR(__xludf.DUMMYFUNCTION("""COMPUTED_VALUE"""),1.0) -> 1 | M33: =IFERROR(__xludf.DUMMYFUNCTION("""COMPUTED_VALUE"""),1.0) -> 1 | N33: =IFERROR(__xludf.DUMMYFUNCTION("""COMPUTED_VALUE"""),1.0) -> 1 | O33: =IFERROR(__xludf.DUMMYFUNCTION("""COMPUTED_VALUE"""),1.0) -> 1 | P33: =IFERROR(__xludf.DUMMYFUNCTION("""COMPUTED_VALUE"""),1.0) -> 1 | Q33: =IFERROR(__xludf.DUMMYFUNCTION("""COMPUTED_VALUE"""),"") | R33: =IFERROR(__xludf.DUMMYFUNCTION("""COMPUTED_VALUE"""),"") | S33: =IFERROR(__xludf.DUMMYFUNCTION("""COMPUTED_VALUE"""),"") | T33: =IFERROR(__xludf.DUMMYFUNCTION("""COMPUTED_VALUE"""),"") | U33: =IFERROR(__xludf.DUMMYFUNCTION("""COMPUTED_VALUE"""),"") | V33: =IFERROR(__xludf.DUMMYFUNCTION("""COMPUTED_VALUE"""),"") | W33: =IFERROR(__xludf.DUMMYFUNCTION("""COMPUTED_VALUE"""),"") | X33: =IFERROR(__xludf.DUMMYFUNCTION("""COMPUTED_VALUE"""),"") | ... AN33: =IFERROR(__xludf.DUMMYFUNCTION("""COMPUTED_VALUE"""),"")
A34: MARANTUTUL | B34: =IFERROR(__xludf.DUMMYFUNCTION("""COMPUTED_VALUE"""),"MALUKU") -> MALUKU | C34: =IFERROR(__xludf.DUMMYFUNCTION("""COMPUTED_VALUE"""),"JS47") -> JS47 | D34: JS PRO | H34: =AVERAGE(J34:AN34) -> 0.99950286 | I34: =IF(H34<75%, "Potensi SP", "") | J34: =IFERROR(__xludf.DUMMYFUNCTION("""COMPUTED_VALUE"""),1.0) -> 1 | K34: =IFERROR(__xludf.DUMMYFUNCTION("""COMPUTED_VALUE"""),1.0) -> 1 | L34: =IFERROR(__xludf.DUMMYFUNCTION("""COMPUTED_VALUE"""),1.0) -> 1 | M34: =IFERROR(__xludf.DUMMYFUNCTION("""COMPUTED_VALUE"""),0.99652) -> 0.99652 | N34: =IFERROR(__xludf.DUMMYFUNCTION("""COMPUTED_VALUE"""),1.0) -> 1 | O34: =IFERROR(__xludf.DUMMYFUNCTION("""COMPUTED_VALUE"""),1.0) -> 1 | P34: =IFERROR(__xludf.DUMMYFUNCTION("""COMPUTED_VALUE"""),1.0) -> 1 | Q34: =IFERROR(__xludf.DUMMYFUNCTION("""COMPUTED_VALUE"""),"") | R34: =IFERROR(__xludf.DUMMYFUNCTION("""COMPUTED_VALUE"""),"") | S34: =IFERROR(__xludf.DUMMYFUNCTION("""COMPUTED_VALUE"""),"") | T34: =IFERROR(__xludf.DUMMYFUNCTION("""COMPUTED_VALUE"""),"") | U34: =IFERROR(__xludf.DUMMYFUNCTION("""COMPUTED_VALUE"""),"") | V34: =IFERROR(__xludf.DUMMYFUNCTION("""COMPUTED_VALUE"""),"") | W34: =IFERROR(__xludf.DUMMYFUNCTION("""COMPUTED_VALUE"""),"") | X34: =IFERROR(__xludf.DUMMYFUNCTION("""COMPUTED_VALUE"""),"") | ... AN34: =IFERROR(__xludf.DUMMYFUNCTION("""COMPUTED_VALUE"""),"")
A35: TABAJAYA | B35: =IFERROR(__xludf.DUMMYFUNCTION("""COMPUTED_VALUE"""),"MALUKU UTARA") -> MALUKU UTARA | C35: =IFERROR(__xludf.DUMMYFUNCTION("""COMPUTED_VALUE"""),"JS14") -> JS14 | D35: JS PRO | H35: =AVERAGE(J35:AN35) -> 0.99553429 | I35: =IF(H35<75%, "Potensi SP", "") | J35: =IFERROR(__xludf.DUMMYFUNCTION("""COMPUTED_VALUE"""),0.97222) -> 0.97222 | K35: =IFERROR(__xludf.DUMMYFUNCTION("""COMPUTED_VALUE"""),1.0) -> 1 | L35: =IFERROR(__xludf.DUMMYFUNCTION("""COMPUTED_VALUE"""),1.0) -> 1 | M35: =IFERROR(__xludf.DUMMYFUNCTION("""COMPUTED_VALUE"""),1.0) -> 1 | N35: =IFERROR(__xludf.DUMMYFUNCTION("""COMPUTED_VALUE"""),0.99652) -> 0.99652 | O35: =IFERROR(__xludf.DUMMYFUNCTION("""COMPUTED_VALUE"""),1.0) -> 1 | P35: =IFERROR(__xludf.DUMMYFUNCTION("""COMPUTED_VALUE"""),1.0) -> 1 | Q35: =IFERROR(__xludf.DUMMYFUNCTION("""COMPUTED_VALUE"""),"") | R35: =IFERROR(__xludf.DUMMYFUNCTION("""COMPUTED_VALUE"""),"") | S35: =IFERROR(__xludf.DUMMYFUNCTION("""COMPUTED_VALUE"""),"") | T35: =IFERROR(__xludf.DUMMYFUNCTION("""COMPUTED_VALUE"""),"") | U35: =IFERROR(__xludf.DUMMYFUNCTION("""COMPUTED_VALUE"""),"") | V35: =IFERROR(__xludf.DUMMYFUNCTION("""COMPUTED_VALUE"""),"") | W35: =IFERROR(__xludf.DUMMYFUNCTION("""COMPUTED_VALUE"""),"") | X35: =IFERROR(__xludf.DUMMYFUNCTION("""COMPUTED_VALUE"""),"") | ... AN35: =IFERROR(__xludf.DUMMYFUNCTION("""COMPUTED_VALUE"""),"")
A36: SOBIAR | B36: =IFERROR(__xludf.DUMMYFUNCTION("""COMPUTED_VALUE"""),"PAPUA BARAT") -> PAPUA BARAT | C36: =IFERROR(__xludf.DUMMYFUNCTION("""COMPUTED_VALUE"""),"JS09") -> JS09 | D36: JS PRO | H36: =AVERAGE(J36:AN36) -> 1 | I36: =IF(H36<75%, "Potensi SP", "") | J36: =IFERROR(__xludf.DUMMYFUNCTION("""COMPUTED_VALUE"""),1.0) -> 1 | K36: =IFERROR(__xludf.DUMMYFUNCTION("""COMPUTED_VALUE"""),1.0) -> 1 | L36: =IFERROR(__xludf.DUMMYFUNCTION("""COMPUTED_VALUE"""),1.0) -> 1 | M36: =IFERROR(__xludf.DUMMYFUNCTION("""COMPUTED_VALUE"""),1.0) -> 1 | N36: =IFERROR(__xludf.DUMMYFUNCTION("""COMPUTED_VALUE"""),1.0) -> 1 | O36: =IFERROR(__xludf.DUMMYFUNCTION("""COMPUTED_VALUE"""),1.0) -> 1 | P36: =IFERROR(__xludf.DUMMYFUNCTION("""COMPUTED_VALUE"""),1.0) -> 1 | Q36: =IFERROR(__xludf.DUMMYFUNCTION("""COMPUTED_VALUE"""),"") | R36: =IFERROR(__xludf.DUMMYFUNCTION("""COMPUTED_VALUE"""),"") | S36: =IFERROR(__xludf.DUMMYFUNCTION("""COMPUTED_VALUE"""),"") | T36: =IFERROR(__xludf.DUMMYFUNCTION("""COMPUTED_VALUE"""),"") | U36: =IFERROR(__xludf.DUMMYFUNCTION("""COMPUTED_VALUE"""),"") | V36: =IFERROR(__xludf.DUMMYFUNCTION("""COMPUTED_VALUE"""),"") | W36: =IFERROR(__xludf.DUMMYFUNCTION("""COMPUTED_VALUE"""),"") | X36: =IFERROR(__xludf.DUMMYFUNCTION("""COMPUTED_VALUE"""),"") | ... AN36: =IFERROR(__xludf.DUMMYFUNCTION("""COMPUTED_VALUE"""),"")
A37: KLAYILI | B37: =IFERROR(__xludf.DUMMYFUNCTION("""COMPUTED_VALUE"""),"PAPUA BARAT") -> PAPUA BARAT | C37: =IFERROR(__xludf.DUMMYFUNCTION("""COMPUTED_VALUE"""),"JS107") -> JS107 | D37: Talis5 Full | E37: 45617 | G37: vsat sudah up | H37: =AVERAGE(J37:AN37) -> 0.96931571 | I37: =IF(H37<75%, "Potensi SP", "") | J37: =IFERROR(__xludf.DUMMYFUNCTION("""COMPUTED_VALUE"""),1.0) -> 1 | K37: =IFERROR(__xludf.DUMMYFUNCTION("""COMPUTED_VALUE"""),1.0) -> 1 | L37: =IFERROR(__xludf.DUMMYFUNCTION("""COMPUTED_VALUE"""),0.78521) -> 0.78521 | M37: =IFERROR(__xludf.DUMMYFUNCTION("""COMPUTED_VALUE"""),1.0) -> 1 | N37: =IFERROR(__xludf.DUMMYFUNCTION("""COMPUTED_VALUE"""),1.0) -> 1 | O37: =IFERROR(__xludf.DUMMYFUNCTION("""COMPUTED_VALUE"""),1.0) -> 1 | P37: =IFERROR(__xludf.DUMMYFUNCTION("""COMPUTED_VALUE"""),1.0) -> 1 | Q37: =IFERROR(__xludf.DUMMYFUNCTION("""COMPUTED_VALUE"""),"") | R37: =IFERROR(__xludf.DUMMYFUNCTION("""COMPUTED_VALUE"""),"") | S37: =IFERROR(__xludf.DUMMYFUNCTION("""COMPUTED_VALUE"""),"") | T37: =IFERROR(__xludf.DUMMYFUNCTION("""COMPUTED_VALUE"""),"") | U37: =IFERROR(__xludf.DUMMYFUNCTION("""COMPUTED_VALUE"""),"") | V37: =IFERROR(__xludf.DUMMYFUNCTION("""COMPUTED_VALUE"""),"") | W37: =IFERROR(__xludf.DUMMYFUNCTION("""COMPUTED_VALUE"""),"") | X37: =IFERROR(__xludf.DUMMYFUNCTION("""COMPUTED_VALUE"""),"") | ... AN37: =IFERROR(__xludf.DUMMYFUNCTION("""COMPUTED_VALUE"""),"")
A38: KAIREU | B38: =IFERROR(__xludf.DUMMYFUNCTION("""COMPUTED_VALUE"""),"MALUKU") -> MALUKU | C38: =IFERROR(__xludf.DUMMYFUNCTION("""COMPUTED_VALUE"""),"JS128") -> JS128 | D38: JS PRO | H38: =AVERAGE(J38:AN38) -> 1 | I38: =IF(H38<75%, "Potensi SP", "") | J38: =IFERROR(__xludf.DUMMYFUNCTION("""COMPUTED_VALUE"""),1.0) -> 1 | K38: =IFERROR(__xludf.DUMMYFUNCTION("""COMPUTED_VALUE"""),1.0) -> 1 | L38: =IFERROR(__xludf.DUMMYFUNCTION("""COMPUTED_VALUE"""),1.0) -> 1 | M38: =IFERROR(__xludf.DUMMYFUNCTION("""COMPUTED_VALUE"""),1.0) -> 1 | N38: =IFERROR(__xludf.DUMMYFUNCTION("""COMPUTED_VALUE"""),1.0) -> 1 | O38: =IFERROR(__xludf.DUMMYFUNCTION("""COMPUTED_VALUE"""),1.0) -> 1 | P38: =IFERROR(__xludf.DUMMYFUNCTION("""COMPUTED_VALUE"""),1.0) -> 1 | Q38: =IFERROR(__xludf.DUMMYFUNCTION("""COMPUTED_VALUE"""),"") | R38: =IFERROR(__xludf.DUMMYFUNCTION("""COMPUTED_VALUE"""),"") | S38: =IFERROR(__xludf.DUMMYFUNCTION("""COMPUTED_VALUE"""),"") | T38: =IFERROR(__xludf.DUMMYFUNCTION("""COMPUTED_VALUE"""),"") | U38: =IFERROR(__xludf.DUMMYFUNCTION("""COMPUTED_VALUE"""),"") | V38: =IFERROR(__xludf.DUMMYFUNCTION("""COMPUTED_VALUE"""),"") | W38: =IFERROR(__xludf.DUMMYFUNCTION("""COMPUTED_VALUE"""),"") | X38: =IFERROR(__xludf.DUMMYFUNCTION("""COMPUTED_VALUE"""),"") | ... AN38: =IFERROR(__xludf.DUMMYFUNCTION("""COMPUTED_VALUE"""),"")
A39: MITAK KOLAM | B39: =IFERROR(__xludf.DUMMYFUNCTION("""COMPUTED_VALUE"""),"MALUKU") -> MALUKU | C39: =IFERROR(__xludf.DUMMYFUNCTION("""COMPUTED_VALUE"""),"JS44") -> JS44 | D39: Talis5 Mix | E39: 45917 | G39: SOMO POWER Done revit(17 sept 25) | H39: =AVERAGE(J39:AN39) -> 0.99305 | I39: =IF(H39<75%, "Potensi SP", "") | J39: =IFERROR(__xludf.DUMMYFUNCTION("""COMPUTED_VALUE"""),0.9860899999999999) -> 0.98609 | K39: =IFERROR(__xludf.DUMMYFUNCTION("""COMPUTED_VALUE"""),0.9930500000000001) -> 0.99305 | L39: =IFERROR(__xludf.DUMMYFUNCTION("""COMPUTED_VALUE"""),1.0) -> 1 | M39: =IFERROR(__xludf.DUMMYFUNCTION("""COMPUTED_VALUE"""),1.0) -> 1 | N39: =IFERROR(__xludf.DUMMYFUNCTION("""COMPUTED_VALUE"""),0.98263) -> 0.98263 | O39: =IFERROR(__xludf.DUMMYFUNCTION("""COMPUTED_VALUE"""),0.98958) -> 0.98958 | P39: =IFERROR(__xludf.DUMMYFUNCTION("""COMPUTED_VALUE"""),1.0) -> 1 | Q39: =IFERROR(__xludf.DUMMYFUNCTION("""COMPUTED_VALUE"""),"") | R39: =IFERROR(__xludf.DUMMYFUNCTION("""COMPUTED_VALUE"""),"") | S39: =IFERROR(__xludf.DUMMYFUNCTION("""COMPUTED_VALUE"""),"") | T39: =IFERROR(__xludf.DUMMYFUNCTION("""COMPUTED_VALUE"""),"") | U39: =IFERROR(__xludf.DUMMYFUNCTION("""COMPUTED_VALUE"""),"") | V39: =IFERROR(__xludf.DUMMYFUNCTION("""COMPUTED_VALUE"""),"") | W39: =IFERROR(__xludf.DUMMYFUNCTION("""COMPUTED_VALUE"""),"") | X39: =IFERROR(__xludf.DUMMYFUNCTION("""COMPUTED_VALUE"""),"") | ... AN39: =IFERROR(__xludf.DUMMYFUNCTION("""COMPUTED_VALUE"""),"")
A40: ILILI | B40: =IFERROR(__xludf.DUMMYFUNCTION("""COMPUTED_VALUE"""),"MALUKU") -> MALUKU | C40: =IFERROR(__xludf.DUMMYFUNCTION("""COMPUTED_VALUE"""),"JS106") -> JS106 | D40: Talis5 Full | E40: 14 December 2024 | G40: SNMP sudah up ( Done replace) | H40: =AVERAGE(J40:AN40) -> 0.99950143 | I40: =IF(H40<75%, "Potensi SP", "") | J40: =IFERROR(__xludf.DUMMYFUNCTION("""COMPUTED_VALUE"""),1.0) -> 1 | K40: =IFERROR(__xludf.DUMMYFUNCTION("""COMPUTED_VALUE"""),1.0) -> 1 | L40: =IFERROR(__xludf.DUMMYFUNCTION("""COMPUTED_VALUE"""),0.99651) -> 0.99651 | M40: =IFERROR(__xludf.DUMMYFUNCTION("""COMPUTED_VALUE"""),1.0) -> 1 | N40: =IFERROR(__xludf.DUMMYFUNCTION("""COMPUTED_VALUE"""),1.0) -> 1 | O40: =IFERROR(__xludf.DUMMYFUNCTION("""COMPUTED_VALUE"""),1.0) -> 1 | P40: =IFERROR(__xludf.DUMMYFUNCTION("""COMPUTED_VALUE"""),1.0) -> 1 | Q40: =IFERROR(__xludf.DUMMYFUNCTION("""COMPUTED_VALUE"""),"") | R40: =IFERROR(__xludf.DUMMYFUNCTION("""COMPUTED_VALUE"""),"") | S40: =IFERROR(__xludf.DUMMYFUNCTION("""COMPUTED_VALUE"""),"") | T40: =IFERROR(__xludf.DUMMYFUNCTION("""COMPUTED_VALUE"""),"") | U40: =IFERROR(__xludf.DUMMYFUNCTION("""COMPUTED_VALUE"""),"") | V40: =IFERROR(__xludf.DUMMYFUNCTION("""COMPUTED_VALUE"""),"") | W40: =IFERROR(__xludf.DUMMYFUNCTION("""COMPUTED_VALUE"""),"") | X40: =IFERROR(__xludf.DUMMYFUNCTION("""COMPUTED_VALUE"""),"") | ... AN40: =IFERROR(__xludf.DUMMYFUNCTION("""COMPUTED_VALUE"""),"")
A41: KARUAN | B41: =IFERROR(__xludf.DUMMYFUNCTION("""COMPUTED_VALUE"""),"PAPUA BARAT") -> PAPUA BARAT | C41: =IFERROR(__xludf.DUMMYFUNCTION("""COMPUTED_VALUE"""),"JS24") -> JS24 | D41: Talis5 Full | E41: 6 sept 2025 | G41: sudah up Done revit Talis5 Full ( tgl 6 sept 2025) | H41: =AVERAGE(J41:AN41) -> 0.99553571 | I41: =IF(H41<75%, "Potensi SP", "") | J41: =IFERROR(__xludf.DUMMYFUNCTION("""COMPUTED_VALUE"""),0.96875) -> 0.96875 | K41: =IFERROR(__xludf.DUMMYFUNCTION("""COMPUTED_VALUE"""),1.0) -> 1 | L41: =IFERROR(__xludf.DUMMYFUNCTION("""COMPUTED_VALUE"""),1.0) -> 1 | M41: =IFERROR(__xludf.DUMMYFUNCTION("""COMPUTED_VALUE"""),1.0) -> 1 | N41: =IFERROR(__xludf.DUMMYFUNCTION("""COMPUTED_VALUE"""),1.0) -> 1 | O41: =IFERROR(__xludf.DUMMYFUNCTION("""COMPUTED_VALUE"""),1.0) -> 1 | P41: =IFERROR(__xludf.DUMMYFUNCTION("""COMPUTED_VALUE"""),1.0) -> 1 | Q41: =IFERROR(__xludf.DUMMYFUNCTION("""COMPUTED_VALUE"""),"") | R41: =IFERROR(__xludf.DUMMYFUNCTION("""COMPUTED_VALUE"""),"") | S41: =IFERROR(__xludf.DUMMYFUNCTION("""COMPUTED_VALUE"""),"") | T41: =IFERROR(__xludf.DUMMYFUNCTION("""COMPUTED_VALUE"""),"") | U41: =IFERROR(__xludf.DUMMYFUNCTION("""COMPUTED_VALUE"""),"") | V41: =IFERROR(__xludf.DUMMYFUNCTION("""COMPUTED_VALUE"""),"") | W41: =IFERROR(__xludf.DUMMYFUNCTION("""COMPUTED_VALUE"""),"") | X41: =IFERROR(__xludf.DUMMYFUNCTION("""COMPUTED_VALUE"""),"") | ... AN41: =IFERROR(__xludf.DUMMYFUNCTION("""COMPUTED_VALUE"""),"")
A42: MAIKOR | B42: =IFERROR(__xludf.DUMMYFUNCTION("""COMPUTED_VALUE"""),"MALUKU") -> MALUKU | C42: =IFERROR(__xludf.DUMMYFUNCTION("""COMPUTED_VALUE"""),"JS41") -> JS41 | D42: JS PRO | E42: 14 May 2025 | G42: Site sudah up | H42: =AVERAGE(J42:AN42) -> 1 | I42: =IF(H42<75%, "Potensi SP", "") | J42: =IFERROR(__xludf.DUMMYFUNCTION("""COMPUTED_VALUE"""),1.0) -> 1 | K42: =IFERROR(__xludf.DUMMYFUNCTION("""COMPUTED_VALUE"""),1.0) -> 1 | L42: =IFERROR(__xludf.DUMMYFUNCTION("""COMPUTED_VALUE"""),1.0) -> 1 | M42: =IFERROR(__xludf.DUMMYFUNCTION("""COMPUTED_VALUE"""),1.0) -> 1 | N42: =IFERROR(__xludf.DUMMYFUNCTION("""COMPUTED_VALUE"""),1.0) -> 1 | O42: =IFERROR(__xludf.DUMMYFUNCTION("""COMPUTED_VALUE"""),1.0) -> 1 | P42: =IFERROR(__xludf.DUMMYFUNCTION("""COMPUTED_VALUE"""),1.0) -> 1 | Q42: =IFERROR(__xludf.DUMMYFUNCTION("""COMPUTED_VALUE"""),"") | R42: =IFERROR(__xludf.DUMMYFUNCTION("""COMPUTED_VALUE"""),"") | S42: =IFERROR(__xludf.DUMMYFUNCTION("""COMPUTED_VALUE"""),"") | T42: =IFERROR(__xludf.DUMMYFUNCTION("""COMPUTED_VALUE"""),"") | U42: =IFERROR(__xludf.DUMMYFUNCTION("""COMPUTED_VALUE"""),"") | V42: =IFERROR(__xludf.DUMMYFUNCTION("""COMPUTED_VALUE"""),"") | W42: =IFERROR(__xludf.DUMMYFUNCTION("""COMPUTED_VALUE"""),"") | X42: =IFERROR(__xludf.DUMMYFUNCTION("""COMPUTED_VALUE"""),"") | ... AN42: =IFERROR(__xludf.DUMMYFUNCTION("""COMPUTED_VALUE"""),"")
A43: TOSOA | B43: =IFERROR(__xludf.DUMMYFUNCTION("""COMPUTED_VALUE"""),"MALUKU UTARA") -> MALUKU UTARA | C43: =IFERROR(__xludf.DUMMYFUNCTION("""COMPUTED_VALUE"""),"JS122") -> JS122 | D43: Talis5 Full | E43: 19 October 2024 | G43: VSAT sudah up | H43: =AVERAGE(J43:AN43) -> 0.99826143 | I43: =IF(H43<75%, "Potensi SP", "") | J43: =IFERROR(__xludf.DUMMYFUNCTION("""COMPUTED_VALUE"""),1.0) -> 1 | K43: =IFERROR(__xludf.DUMMYFUNCTION("""COMPUTED_VALUE"""),0.9982500000000001) -> 0.99825 | L43: =IFERROR(__xludf.DUMMYFUNCTION("""COMPUTED_VALUE"""),1.0) -> 1 | M43: =IFERROR(__xludf.DUMMYFUNCTION("""COMPUTED_VALUE"""),1.0) -> 1 | N43: =IFERROR(__xludf.DUMMYFUNCTION("""COMPUTED_VALUE"""),0.98958) -> 0.98958 | O43: =IFERROR(__xludf.DUMMYFUNCTION("""COMPUTED_VALUE"""),1.0) -> 1 | P43: =IFERROR(__xludf.DUMMYFUNCTION("""COMPUTED_VALUE"""),1.0) -> 1 | Q43: =IFERROR(__xludf.DUMMYFUNCTION("""COMPUTED_VALUE"""),"") | R43: =IFERROR(__xludf.DUMMYFUNCTION("""COMPUTED_VALUE"""),"") | S43: =IFERROR(__xludf.DUMMYFUNCTION("""COMPUTED_VALUE"""),"") | T43: =IFERROR(__xludf.DUMMYFUNCTION("""COMPUTED_VALUE"""),"") | U43: =IFERROR(__xludf.DUMMYFUNCTION("""COMPUTED_VALUE"""),"") | V43: =IFERROR(__xludf.DUMMYFUNCTION("""COMPUTED_VALUE"""),"") | W43: =IFERROR(__xludf.DUMMYFUNCTION("""COMPUTED_VALUE"""),"") | X43: =IFERROR(__xludf.DUMMYFUNCTION("""COMPUTED_VALUE"""),"") | ... AN43: =IFERROR(__xludf.DUMMYFUNCTION("""COMPUTED_VALUE"""),"")
A44: MAAN | B44: =IFERROR(__xludf.DUMMYFUNCTION("""COMPUTED_VALUE"""),"PAPUA BARAT") -> PAPUA BARAT | C44: =IFERROR(__xludf.DUMMYFUNCTION("""COMPUTED_VALUE"""),"JS74") -> JS74 | D44: JS PRO | F44: VSAT | G44: VSAT sudah up, SNMP up . site masih down | H44: =AVERAGE(J44:AN44) -> 0.05515 | I44: =IF(H44<75%, "Potensi SP", "") -> Potensi SP | J44: =IFERROR(__xludf.DUMMYFUNCTION("""COMPUTED_VALUE"""),0.035390000000000005) -> 0.03539 | K44: =IFERROR(__xludf.DUMMYFUNCTION("""COMPUTED_VALUE"""),0.03471) -> 0.03471 | L44: =IFERROR(__xludf.DUMMYFUNCTION("""COMPUTED_VALUE"""),0.09655) -> 0.09655 | M44: =IFERROR(__xludf.DUMMYFUNCTION("""COMPUTED_VALUE"""),0.07011) -> 0.07011 | N44: =IFERROR(__xludf.DUMMYFUNCTION("""COMPUTED_VALUE"""),0.10002000000000001) -> 0.10002 | O44: =IFERROR(__xludf.DUMMYFUNCTION("""COMPUTED_VALUE"""),0.049269999999999994) -> 0.04927 | P44: =IFERROR(__xludf.DUMMYFUNCTION("""COMPUTED_VALUE"""),0.0) -> 0 | Q44: =IFERROR(__xludf.DUMMYFUNCTION("""COMPUTED_VALUE"""),"") | R44: =IFERROR(__xludf.DUMMYFUNCTION("""COMPUTED_VALUE"""),"") | S44: =IFERROR(__xludf.DUMMYFUNCTION("""COMPUTED_VALUE"""),"") | T44: =IFERROR(__xludf.DUMMYFUNCTION("""COMPUTED_VALUE"""),"") | U44: =IFERROR(__xludf.DUMMYFUNCTION("""COMPUTED_VALUE"""),"") | V44: =IFERROR(__xludf.DUMMYFUNCTION("""COMPUTED_VALUE"""),"") | W44: =IFERROR(__xludf.DUMMYFUNCTION("""COMPUTED_VALUE"""),"") | X44: =IFERROR(__xludf.DUMMYFUNCTION("""COMPUTED_VALUE"""),"") | ... AN44: =IFERROR(__xludf.DUMMYFUNCTION("""COMPUTED_VALUE"""),"")
A45: MIRAFAN | B45: =IFERROR(__xludf.DUMMYFUNCTION("""COMPUTED_VALUE"""),"PAPUA BARAT") -> PAPUA BARAT | C45: =IFERROR(__xludf.DUMMYFUNCTION("""COMPUTED_VALUE"""),"JS81") -> JS81 | D45: JS PRO | H45: =AVERAGE(J45:AN45) -> 1 | I45: =IF(H45<75%, "Potensi SP", "") | J45: =IFERROR(__xludf.DUMMYFUNCTION("""COMPUTED_VALUE"""),1.0) -> 1 | K45: =IFERROR(__xludf.DUMMYFUNCTION("""COMPUTED_VALUE"""),1.0) -> 1 | L45: =IFERROR(__xludf.DUMMYFUNCTION("""COMPUTED_VALUE"""),1.0) -> 1 | M45: =IFERROR(__xludf.DUMMYFUNCTION("""COMPUTED_VALUE"""),1.0) -> 1 | N45: =IFERROR(__xludf.DUMMYFUNCTION("""COMPUTED_VALUE"""),1.0) -> 1 | O45: =IFERROR(__xludf.DUMMYFUNCTION("""COMPUTED_VALUE"""),1.0) -> 1 | P45: =IFERROR(__xludf.DUMMYFUNCTION("""COMPUTED_VALUE"""),1.0) -> 1 | Q45: =IFERROR(__xludf.DUMMYFUNCTION("""COMPUTED_VALUE"""),"") | R45: =IFERROR(__xludf.DUMMYFUNCTION("""COMPUTED_VALUE"""),"") | S45: =IFERROR(__xludf.DUMMYFUNCTION("""COMPUTED_VALUE"""),"") | T45: =IFERROR(__xludf.DUMMYFUNCTION("""COMPUTED_VALUE"""),"") | U45: =IFERROR(__xludf.DUMMYFUNCTION("""COMPUTED_VALUE"""),"") | V45: =IFERROR(__xludf.DUMMYFUNCTION("""COMPUTED_VALUE"""),"") | W45: =IFERROR(__xludf.DUMMYFUNCTION("""COMPUTED_VALUE"""),"") | X45: =IFERROR(__xludf.DUMMYFUNCTION("""COMPUTED_VALUE"""),"") | ... AN45: =IFERROR(__xludf.DUMMYFUNCTION("""COMPUTED_VALUE"""),"")
A46: BEDARE | B46: =IFERROR(__xludf.DUMMYFUNCTION("""COMPUTED_VALUE"""),"PAPUA BARAT") -> PAPUA BARAT | C46: =IFERROR(__xludf.DUMMYFUNCTION("""COMPUTED_VALUE"""),"JS82") -> JS82 | D46: Talis5 Full | E46: 45612 | H46: =AVERAGE(J46:AN46) -> 0.96477714 | I46: =IF(H46<75%, "Potensi SP", "") | J46: =IFERROR(__xludf.DUMMYFUNCTION("""COMPUTED_VALUE"""),0.9583400000000001) -> 0.95834 | K46: =IFERROR(__xludf.DUMMYFUNCTION("""COMPUTED_VALUE"""),0.95832) -> 0.95832 | L46: =IFERROR(__xludf.DUMMYFUNCTION("""COMPUTED_VALUE"""),0.96527) -> 0.96527 | M46: =IFERROR(__xludf.DUMMYFUNCTION("""COMPUTED_VALUE"""),0.97222) -> 0.97222 | N46: =IFERROR(__xludf.DUMMYFUNCTION("""COMPUTED_VALUE"""),0.9583400000000001) -> 0.95834 | O46: =IFERROR(__xludf.DUMMYFUNCTION("""COMPUTED_VALUE"""),0.96527) -> 0.96527 | P46: =IFERROR(__xludf.DUMMYFUNCTION("""COMPUTED_VALUE"""),0.97568) -> 0.97568 | Q46: =IFERROR(__xludf.DUMMYFUNCTION("""COMPUTED_VALUE"""),"") | R46: =IFERROR(__xludf.DUMMYFUNCTION("""COMPUTED_VALUE"""),"") | S46: =IFERROR(__xludf.DUMMYFUNCTION("""COMPUTED_VALUE"""),"") | T46: =IFERROR(__xludf.DUMMYFUNCTION("""COMPUTED_VALUE"""),"") | U46: =IFERROR(__xludf.DUMMYFUNCTION("""COMPUTED_VALUE"""),"") | V46: =IFERROR(__xludf.DUMMYFUNCTION("""COMPUTED_VALUE"""),"") | W46: =IFERROR(__xludf.DUMMYFUNCTION("""COMPUTED_VALUE"""),"") | X46: =IFERROR(__xludf.DUMMYFUNCTION("""COMPUTED_VALUE"""),"") | ... AN46: =IFERROR(__xludf.DUMMYFUNCTION("""COMPUTED_VALUE"""),"")
A47: HUHUA | B47: =IFERROR(__xludf.DUMMYFUNCTION("""COMPUTED_VALUE"""),"MALUKU") -> MALUKU | C47: =IFERROR(__xludf.DUMMYFUNCTION("""COMPUTED_VALUE"""),"JS55") -> JS55 | D47: JS PRO | H47: =AVERAGE(J47:AN47) -> 1 | I47: =IF(H47<75%, "Potensi SP", "") | J47: =IFERROR(__xludf.DUMMYFUNCTION("""COMPUTED_VALUE"""),1.0) -> 1 | K47: =IFERROR(__xludf.DUMMYFUNCTION("""COMPUTED_VALUE"""),1.0) -> 1 | L47: =IFERROR(__xludf.DUMMYFUNCTION("""COMPUTED_VALUE"""),1.0) -> 1 | M47: =IFERROR(__xludf.DUMMYFUNCTION("""COMPUTED_VALUE"""),1.0) -> 1 | N47: =IFERROR(__xludf.DUMMYFUNCTION("""COMPUTED_VALUE"""),1.0) -> 1 | O47: =IFERROR(__xludf.DUMMYFUNCTION("""COMPUTED_VALUE"""),1.0) -> 1 | P47: =IFERROR(__xludf.DUMMYFUNCTION("""COMPUTED_VALUE"""),1.0) -> 1 | Q47: =IFERROR(__xludf.DUMMYFUNCTION("""COMPUTED_VALUE"""),"") | R47: =IFERROR(__xludf.DUMMYFUNCTION("""COMPUTED_VALUE"""),"") | S47: =IFERROR(__xludf.DUMMYFUNCTION("""COMPUTED_VALUE"""),"") | T47: =IFERROR(__xludf.DUMMYFUNCTION("""COMPUTED_VALUE"""),"") | U47: =IFERROR(__xludf.DUMMYFUNCTION("""COMPUTED_VALUE"""),"") | V47: =IFERROR(__xludf.DUMMYFUNCTION("""COMPUTED_VALUE"""),"") | W47: =IFERROR(__xludf.DUMMYFUNCTION("""COMPUTED_VALUE"""),"") | X47: =IFERROR(__xludf.DUMMYFUNCTION("""COMPUTED_VALUE"""),"") | ... AN47: =IFERROR(__xludf.DUMMYFUNCTION("""COMPUTED_VALUE"""),"")
A48: SOFYANIN | B48: =IFERROR(__xludf.DUMMYFUNCTION("""COMPUTED_VALUE"""),"MALUKU") -> MALUKU | C48: =IFERROR(__xludf.DUMMYFUNCTION("""COMPUTED_VALUE"""),"JS48") -> JS48 | D48: Talis5 Mix | E48: 05 December 2024 | H48: =AVERAGE(J48:AN48) -> 0.99900714 | I48: =IF(H48<75%, "Potensi SP", "") | J48: =IFERROR(__xludf.DUMMYFUNCTION("""COMPUTED_VALUE"""),1.0) -> 1 | K48: =IFERROR(__xludf.DUMMYFUNCTION("""COMPUTED_VALUE"""),1.0) -> 1 | L48: =IFERROR(__xludf.DUMMYFUNCTION("""COMPUTED_VALUE"""),1.0) -> 1 | M48: =IFERROR(__xludf.DUMMYFUNCTION("""COMPUTED_VALUE"""),0.9930500000000001) -> 0.99305 | N48: =IFERROR(__xludf.DUMMYFUNCTION("""COMPUTED_VALUE"""),1.0) -> 1 | O48: =IFERROR(__xludf.DUMMYFUNCTION("""COMPUTED_VALUE"""),1.0) -> 1 | P48: =IFERROR(__xludf.DUMMYFUNCTION("""COMPUTED_VALUE"""),1.0) -> 1 | Q48: =IFERROR(__xludf.DUMMYFUNCTION("""COMPUTED_VALUE"""),"") | R48: =IFERROR(__xludf.DUMMYFUNCTION("""COMPUTED_VALUE"""),"") | S48: =IFERROR(__xludf.DUMMYFUNCTION("""COMPUTED_VALUE"""),"") | T48: =IFERROR(__xludf.DUMMYFUNCTION("""COMPUTED_VALUE"""),"") | U48: =IFERROR(__xludf.DUMMYFUNCTION("""COMPUTED_VALUE"""),"") | V48: =IFERROR(__xludf.DUMMYFUNCTION("""COMPUTED_VALUE"""),"") | W48: =IFERROR(__xludf.DUMMYFUNCTION("""COMPUTED_VALUE"""),"") | X48: =IFERROR(__xludf.DUMMYFUNCTION("""COMPUTED_VALUE"""),"") | ... AN48: =IFERROR(__xludf.DUMMYFUNCTION("""COMPUTED_VALUE"""),"")
A49: NIJ | B49: =IFERROR(__xludf.DUMMYFUNCTION("""COMPUTED_VALUE"""),"PAPUA BARAT") -> PAPUA BARAT | C49: =IFERROR(__xludf.DUMMYFUNCTION("""COMPUTED_VALUE"""),"JS59") -> JS59 | D49: JS PRO | H49: =AVERAGE(J49:AN49) -> 1 | I49: =IF(H49<75%, "Potensi SP", "") | J49: =IFERROR(__xludf.DUMMYFUNCTION("""COMPUTED_VALUE"""),1.0) -> 1 | K49: =IFERROR(__xludf.DUMMYFUNCTION("""COMPUTED_VALUE"""),1.0) -> 1 | L49: =IFERROR(__xludf.DUMMYFUNCTION("""COMPUTED_VALUE"""),1.0) -> 1 | M49: =IFERROR(__xludf.DUMMYFUNCTION("""COMPUTED_VALUE"""),1.0) -> 1 | N49: =IFERROR(__xludf.DUMMYFUNCTION("""COMPUTED_VALUE"""),1.0) -> 1 | O49: =IFERROR(__xludf.DUMMYFUNCTION("""COMPUTED_VALUE"""),1.0) -> 1 | P49: =IFERROR(__xludf.DUMMYFUNCTION("""COMPUTED_VALUE"""),1.0) -> 1 | Q49: =IFERROR(__xludf.DUMMYFUNCTION("""COMPUTED_VALUE"""),"") | R49: =IFERROR(__xludf.DUMMYFUNCTION("""COMPUTED_VALUE"""),"") | S49: =IFERROR(__xludf.DUMMYFUNCTION("""COMPUTED_VALUE"""),"") | T49: =IFERROR(__xludf.DUMMYFUNCTION("""COMPUTED_VALUE"""),"") | U49: =IFERROR(__xludf.DUMMYFUNCTION("""COMPUTED_VALUE"""),"") | V49: =IFERROR(__xludf.DUMMYFUNCTION("""COMPUTED_VALUE"""),"") | W49: =IFERROR(__xludf.DUMMYFUNCTION("""COMPUTED_VALUE"""),"") | X49: =IFERROR(__xludf.DUMMYFUNCTION("""COMPUTED_VALUE"""),"") | ... AN49: =IFERROR(__xludf.DUMMYFUNCTION("""COMPUTED_VALUE"""),"")
A50: SIRI-SIRI | B50: =IFERROR(__xludf.DUMMYFUNCTION("""COMPUTED_VALUE"""),"PAPUA BARAT") -> PAPUA BARAT | C50: =IFERROR(__xludf.DUMMYFUNCTION("""COMPUTED_VALUE"""),"JS85") -> JS85 | D50: JS PRO | G50: SNMP sudah up | H50: =AVERAGE(J50:AN50) -> 0.99255714 | I50: =IF(H50<75%, "Potensi SP", "") | J50: =IFERROR(__xludf.DUMMYFUNCTION("""COMPUTED_VALUE"""),0.9479000000000001) -> 0.9479 | K50: =IFERROR(__xludf.DUMMYFUNCTION("""COMPUTED_VALUE"""),1.0) -> 1 | L50: =IFERROR(__xludf.DUMMYFUNCTION("""COMPUTED_VALUE"""),1.0) -> 1 | M50: =IFERROR(__xludf.DUMMYFUNCTION("""COMPUTED_VALUE"""),1.0) -> 1 | N50: =IFERROR(__xludf.DUMMYFUNCTION("""COMPUTED_VALUE"""),1.0) -> 1 | O50: =IFERROR(__xludf.DUMMYFUNCTION("""COMPUTED_VALUE"""),1.0) -> 1 | P50: =IFERROR(__xludf.DUMMYFUNCTION("""COMPUTED_VALUE"""),1.0) -> 1 | Q50: =IFERROR(__xludf.DUMMYFUNCTION("""COMPUTED_VALUE"""),"") | R50: =IFERROR(__xludf.DUMMYFUNCTION("""COMPUTED_VALUE"""),"") | S50: =IFERROR(__xludf.DUMMYFUNCTION("""COMPUTED_VALUE"""),"") | T50: =IFERROR(__xludf.DUMMYFUNCTION("""COMPUTED_VALUE"""),"") | U50: =IFERROR(__xludf.DUMMYFUNCTION("""COMPUTED_VALUE"""),"") | V50: =IFERROR(__xludf.DUMMYFUNCTION("""COMPUTED_VALUE"""),"") | W50: =IFERROR(__xludf.DUMMYFUNCTION("""COMPUTED_VALUE"""),"") | X50: =IFERROR(__xludf.DUMMYFUNCTION("""COMPUTED_VALUE"""),"") | ... AN50: =IFERROR(__xludf.DUMMYFUNCTION("""COMPUTED_VALUE"""),"")
A51: SUNEI | B51: =IFERROR(__xludf.DUMMYFUNCTION("""COMPUTED_VALUE"""),"PAPUA BARAT") -> PAPUA BARAT | C51: =IFERROR(__xludf.DUMMYFUNCTION("""COMPUTED_VALUE"""),"JS35") -> JS35 | D51: JS PRO | H51: =AVERAGE(J51:AN51) -> 1 | I51: =IF(H51<75%, "Potensi SP", "") | J51: =IFERROR(__xludf.DUMMYFUNCTION("""COMPUTED_VALUE"""),1.0) -> 1 | K51: =IFERROR(__xludf.DUMMYFUNCTION("""COMPUTED_VALUE"""),1.0) -> 1 | L51: =IFERROR(__xludf.DUMMYFUNCTION("""COMPUTED_VALUE"""),1.0) -> 1 | M51: =IFERROR(__xludf.DUMMYFUNCTION("""COMPUTED_VALUE"""),1.0) -> 1 | N51: =IFERROR(__xludf.DUMMYFUNCTION("""COMPUTED_VALUE"""),1.0) -> 1 | O51: =IFERROR(__xludf.DUMMYFUNCTION("""COMPUTED_VALUE"""),1.0) -> 1 | P51: =IFERROR(__xludf.DUMMYFUNCTION("""COMPUTED_VALUE"""),1.0) -> 1 | Q51: =IFERROR(__xludf.DUMMYFUNCTION("""COMPUTED_VALUE"""),"") | R51: =IFERROR(__xludf.DUMMYFUNCTION("""COMPUTED_VALUE"""),"") | S51: =IFERROR(__xludf.DUMMYFUNCTION("""COMPUTED_VALUE"""),"") | T51: =IFERROR(__xludf.DUMMYFUNCTION("""COMPUTED_VALUE"""),"") | U51: =IFERROR(__xludf.DUMMYFUNCTION("""COMPUTED_VALUE"""),"") | V51: =IFERROR(__xludf.DUMMYFUNCTION("""COMPUTED_VALUE"""),"") | W51: =IFERROR(__xludf.DUMMYFUNCTION("""COMPUTED_VALUE"""),"") | X51: =IFERROR(__xludf.DUMMYFUNCTION("""COMPUTED_VALUE"""),"") | ... AN51: =IFERROR(__xludf.DUMMYFUNCTION("""COMPUTED_VALUE"""),"")
A52: KAINARA | B52: =IFERROR(__xludf.DUMMYFUNCTION("""COMPUTED_VALUE"""),"MALUKU") -> MALUKU | C52: =IFERROR(__xludf.DUMMYFUNCTION("""COMPUTED_VALUE"""),"JS22") -> JS22 | D52: Talis5 Full | E52: 45609 | H52: =AVERAGE(J52:AN52) -> 1 | I52: =IF(H52<75%, "Potensi SP", "") | J52: =IFERROR(__xludf.DUMMYFUNCTION("""COMPUTED_VALUE"""),1.0) -> 1 | K52: =IFERROR(__xludf.DUMMYFUNCTION("""COMPUTED_VALUE"""),1.0) -> 1 | L52: =IFERROR(__xludf.DUMMYFUNCTION("""COMPUTED_VALUE"""),1.0) -> 1 | M52: =IFERROR(__xludf.DUMMYFUNCTION("""COMPUTED_VALUE"""),1.0) -> 1 | N52: =IFERROR(__xludf.DUMMYFUNCTION("""COMPUTED_VALUE"""),1.0) -> 1 | O52: =IFERROR(__xludf.DUMMYFUNCTION("""COMPUTED_VALUE"""),1.0) -> 1 | P52: =IFERROR(__xludf.DUMMYFUNCTION("""COMPUTED_VALUE"""),1.0) -> 1 | Q52: =IFERROR(__xludf.DUMMYFUNCTION("""COMPUTED_VALUE"""),"") | R52: =IFERROR(__xludf.DUMMYFUNCTION("""COMPUTED_VALUE"""),"") | S52: =IFERROR(__xludf.DUMMYFUNCTION("""COMPUTED_VALUE"""),"") | T52: =IFERROR(__xludf.DUMMYFUNCTION("""COMPUTED_VALUE"""),"") | U52: =IFERROR(__xludf.DUMMYFUNCTION("""COMPUTED_VALUE"""),"") | V52: =IFERROR(__xludf.DUMMYFUNCTION("""COMPUTED_VALUE"""),"") | W52: =IFERROR(__xludf.DUMMYFUNCTION("""COMPUTED_VALUE"""),"") | X52: =IFERROR(__xludf.DUMMYFUNCTION("""COMPUTED_VALUE"""),"") | ... AN52: =IFERROR(__xludf.DUMMYFUNCTION("""COMPUTED_VALUE"""),"")
A53: UPT SP2 PATLEAN | B53: =IFERROR(__xludf.DUMMYFUNCTION("""COMPUTED_VALUE"""),"MALUKU UTARA") -> MALUKU UTARA | C53: =IFERROR(__xludf.DUMMYFUNCTION("""COMPUTED_VALUE"""),"JS121") -> JS121 | D53: JS PRO | H53: =AVERAGE(J53:AN53) -> 0.99404714 | I53: =IF(H53<75%, "Potensi SP", "") | J53: =IFERROR(__xludf.DUMMYFUNCTION("""COMPUTED_VALUE"""),1.0) -> 1 | K53: =IFERROR(__xludf.DUMMYFUNCTION("""COMPUTED_VALUE"""),1.0) -> 1 | L53: =IFERROR(__xludf.DUMMYFUNCTION("""COMPUTED_VALUE"""),1.0) -> 1 | M53: =IFERROR(__xludf.DUMMYFUNCTION("""COMPUTED_VALUE"""),1.0) -> 1 | N53: =IFERROR(__xludf.DUMMYFUNCTION("""COMPUTED_VALUE"""),0.95833) -> 0.95833 | O53: =IFERROR(__xludf.DUMMYFUNCTION("""COMPUTED_VALUE"""),1.0) -> 1 | P53: =IFERROR(__xludf.DUMMYFUNCTION("""COMPUTED_VALUE"""),1.0) -> 1 | Q53: =IFERROR(__xludf.DUMMYFUNCTION("""COMPUTED_VALUE"""),"") | R53: =IFERROR(__xludf.DUMMYFUNCTION("""COMPUTED_VALUE"""),"") | S53: =IFERROR(__xludf.DUMMYFUNCTION("""COMPUTED_VALUE"""),"") | T53: =IFERROR(__xludf.DUMMYFUNCTION("""COMPUTED_VALUE"""),"") | U53: =IFERROR(__xludf.DUMMYFUNCTION("""COMPUTED_VALUE"""),"") | V53: =IFERROR(__xludf.DUMMYFUNCTION("""COMPUTED_VALUE"""),"") | W53: =IFERROR(__xludf.DUMMYFUNCTION("""COMPUTED_VALUE"""),"") | X53: =IFERROR(__xludf.DUMMYFUNCTION("""COMPUTED_VALUE"""),"") | ... AN53: =IFERROR(__xludf.DUMMYFUNCTION("""COMPUTED_VALUE"""),"")
A54: SUMANO | B54: =IFERROR(__xludf.DUMMYFUNCTION("""COMPUTED_VALUE"""),"PAPUA BARAT") -> PAPUA BARAT | C54: =IFERROR(__xludf.DUMMYFUNCTION("""COMPUTED_VALUE"""),"JS78") -> JS78 | D54: Talis5 Full | E54: 17 June 2025 | G54: Vsat sudah up | H54: =AVERAGE(J54:AN54) -> 0.94641714 | I54: =IF(H54<75%, "Potensi SP", "") | J54: =IFERROR(__xludf.DUMMYFUNCTION("""COMPUTED_VALUE"""),0.98958) -> 0.98958 | K54: =IFERROR(__xludf.DUMMYFUNCTION("""COMPUTED_VALUE"""),0.9756900000000001) -> 0.97569 | L54: =IFERROR(__xludf.DUMMYFUNCTION("""COMPUTED_VALUE"""),0.95829) -> 0.95829 | M54: =IFERROR(__xludf.DUMMYFUNCTION("""COMPUTED_VALUE"""),0.96527) -> 0.96527 | N54: =IFERROR(__xludf.DUMMYFUNCTION("""COMPUTED_VALUE"""),0.9166599999999999) -> 0.91666 | O54: =IFERROR(__xludf.DUMMYFUNCTION("""COMPUTED_VALUE"""),0.9028) -> 0.9028 | P54: =IFERROR(__xludf.DUMMYFUNCTION("""COMPUTED_VALUE"""),0.91663) -> 0.91663 | Q54: =IFERROR(__xludf.DUMMYFUNCTION("""COMPUTED_VALUE"""),"") | R54: =IFERROR(__xludf.DUMMYFUNCTION("""COMPUTED_VALUE"""),"") | S54: =IFERROR(__xludf.DUMMYFUNCTION("""COMPUTED_VALUE"""),"") | T54: =IFERROR(__xludf.DUMMYFUNCTION("""COMPUTED_VALUE"""),"") | U54: =IFERROR(__xludf.DUMMYFUNCTION("""COMPUTED_VALUE"""),"") | V54: =IFERROR(__xludf.DUMMYFUNCTION("""COMPUTED_VALUE"""),"") | W54: =IFERROR(__xludf.DUMMYFUNCTION("""COMPUTED_VALUE"""),"") | X54: =IFERROR(__xludf.DUMMYFUNCTION("""COMPUTED_VALUE"""),"") | ... AN54: =IFERROR(__xludf.DUMMYFUNCTION("""COMPUTED_VALUE"""),"")
A55: SARIAI | B55: =IFERROR(__xludf.DUMMYFUNCTION("""COMPUTED_VALUE"""),"PAPUA BARAT") -> PAPUA BARAT | C55: =IFERROR(__xludf.DUMMYFUNCTION("""COMPUTED_VALUE"""),"JS29") -> JS29 | D55: Talis5 Full | E55: 45625 | H55: =AVERAGE(J55:AN55) -> 1 | I55: =IF(H55<75%, "Potensi SP", "") | J55: =IFERROR(__xludf.DUMMYFUNCTION("""COMPUTED_VALUE"""),1.0) -> 1 | K55: =IFERROR(__xludf.DUMMYFUNCTION("""COMPUTED_VALUE"""),1.0) -> 1 | L55: =IFERROR(__xludf.DUMMYFUNCTION("""COMPUTED_VALUE"""),1.0) -> 1 | M55: =IFERROR(__xludf.DUMMYFUNCTION("""COMPUTED_VALUE"""),1.0) -> 1 | N55: =IFERROR(__xludf.DUMMYFUNCTION("""COMPUTED_VALUE"""),1.0) -> 1 | O55: =IFERROR(__xludf.DUMMYFUNCTION("""COMPUTED_VALUE"""),1.0) -> 1 | P55: =IFERROR(__xludf.DUMMYFUNCTION("""COMPUTED_VALUE"""),1.0) -> 1 | Q55: =IFERROR(__xludf.DUMMYFUNCTION("""COMPUTED_VALUE"""),"") | R55: =IFERROR(__xludf.DUMMYFUNCTION("""COMPUTED_VALUE"""),"") | S55: =IFERROR(__xludf.DUMMYFUNCTION("""COMPUTED_VALUE"""),"") | T55: =IFERROR(__xludf.DUMMYFUNCTION("""COMPUTED_VALUE"""),"") | U55: =IFERROR(__xludf.DUMMYFUNCTION("""COMPUTED_VALUE"""),"") | V55: =IFERROR(__xludf.DUMMYFUNCTION("""COMPUTED_VALUE"""),"") | W55: =IFERROR(__xludf.DUMMYFUNCTION("""COMPUTED_VALUE"""),"") | X55: =IFERROR(__xludf.DUMMYFUNCTION("""COMPUTED_VALUE"""),"") | ... AN55: =IFERROR(__xludf.DUMMYFUNCTION("""COMPUTED_VALUE"""),"")
A56: SUKOWATI | B56: =IFERROR(__xludf.DUMMYFUNCTION("""COMPUTED_VALUE"""),"MALUKU") -> MALUKU | C56: =IFERROR(__xludf.DUMMYFUNCTION("""COMPUTED_VALUE"""),"JS54") -> JS54 | D56: Talis5 Mix | E56: 13 August 2024 | H56: =AVERAGE(J56:AN56) -> 1 | I56: =IF(H56<75%, "Potensi SP", "") | J56: =IFERROR(__xludf.DUMMYFUNCTION("""COMPUTED_VALUE"""),1.0) -> 1 | K56: =IFERROR(__xludf.DUMMYFUNCTION("""COMPUTED_VALUE"""),1.0) -> 1 | L56: =IFERROR(__xludf.DUMMYFUNCTION("""COMPUTED_VALUE"""),1.0) -> 1 | M56: =IFERROR(__xludf.DUMMYFUNCTION("""COMPUTED_VALUE"""),1.0) -> 1 | N56: =IFERROR(__xludf.DUMMYFUNCTION("""COMPUTED_VALUE"""),1.0) -> 1 | O56: =IFERROR(__xludf.DUMMYFUNCTION("""COMPUTED_VALUE"""),1.0) -> 1 | P56: =IFERROR(__xludf.DUMMYFUNCTION("""COMPUTED_VALUE"""),1.0) -> 1 | Q56: =IFERROR(__xludf.DUMMYFUNCTION("""COMPUTED_VALUE"""),"") | R56: =IFERROR(__xludf.DUMMYFUNCTION("""COMPUTED_VALUE"""),"") | S56: =IFERROR(__xludf.DUMMYFUNCTION("""COMPUTED_VALUE"""),"") | T56: =IFERROR(__xludf.DUMMYFUNCTION("""COMPUTED_VALUE"""),"") | U56: =IFERROR(__xludf.DUMMYFUNCTION("""COMPUTED_VALUE"""),"") | V56: =IFERROR(__xludf.DUMMYFUNCTION("""COMPUTED_VALUE"""),"") | W56: =IFERROR(__xludf.DUMMYFUNCTION("""COMPUTED_VALUE"""),"") | X56: =IFERROR(__xludf.DUMMYFUNCTION("""COMPUTED_VALUE"""),"") | ... AN56: =IFERROR(__xludf.DUMMYFUNCTION("""COMPUTED_VALUE"""),"")
A57: AISANDAMI | B57: =IFERROR(__xludf.DUMMYFUNCTION("""COMPUTED_VALUE"""),"PAPUA BARAT") -> PAPUA BARAT | C57: =IFERROR(__xludf.DUMMYFUNCTION("""COMPUTED_VALUE"""),"JS36") -> JS36 | D57: JS PRO | H57: =AVERAGE(J57:AN57) -> 1 | I57: =IF(H57<75%, "Potensi SP", "") | J57: =IFERROR(__xludf.DUMMYFUNCTION("""COMPUTED_VALUE"""),1.0) -> 1 | K57: =IFERROR(__xludf.DUMMYFUNCTION("""COMPUTED_VALUE"""),1.0) -> 1 | L57: =IFERROR(__xludf.DUMMYFUNCTION("""COMPUTED_VALUE"""),1.0) -> 1 | M57: =IFERROR(__xludf.DUMMYFUNCTION("""COMPUTED_VALUE"""),1.0) -> 1 | N57: =IFERROR(__xludf.DUMMYFUNCTION("""COMPUTED_VALUE"""),1.0) -> 1 | O57: =IFERROR(__xludf.DUMMYFUNCTION("""COMPUTED_VALUE"""),1.0) -> 1 | P57: =IFERROR(__xludf.DUMMYFUNCTION("""COMPUTED_VALUE"""),1.0) -> 1 | Q57: =IFERROR(__xludf.DUMMYFUNCTION("""COMPUTED_VALUE"""),"") | R57: =IFERROR(__xludf.DUMMYFUNCTION("""COMPUTED_VALUE"""),"") | S57: =IFERROR(__xludf.DUMMYFUNCTION("""COMPUTED_VALUE"""),"") | T57: =IFERROR(__xludf.DUMMYFUNCTION("""COMPUTED_VALUE"""),"") | U57: =IFERROR(__xludf.DUMMYFUNCTION("""COMPUTED_VALUE"""),"") | V57: =IFERROR(__xludf.DUMMYFUNCTION("""COMPUTED_VALUE"""),"") | W57: =IFERROR(__xludf.DUMMYFUNCTION("""COMPUTED_VALUE"""),"") | X57: =IFERROR(__xludf.DUMMYFUNCTION("""COMPUTED_VALUE"""),"") | ... AN57: =IFERROR(__xludf.DUMMYFUNCTION("""COMPUTED_VALUE"""),"")
A58: SERA | B58: =IFERROR(__xludf.DUMMYFUNCTION("""COMPUTED_VALUE"""),"MALUKU") -> MALUKU | C58: =IFERROR(__xludf.DUMMYFUNCTION("""COMPUTED_VALUE"""),"JS102") -> JS102 | D58: Talis5 Full | E58: 45616 | G58: SNMP sudah up | H58: =AVERAGE(J58:AN58) -> 0.99156571 | I58: =IF(H58<75%, "Potensi SP", "") | J58: =IFERROR(__xludf.DUMMYFUNCTION("""COMPUTED_VALUE"""),1.0) -> 1 | K58: =IFERROR(__xludf.DUMMYFUNCTION("""COMPUTED_VALUE"""),0.99652) -> 0.99652 | L58: =IFERROR(__xludf.DUMMYFUNCTION("""COMPUTED_VALUE"""),1.0) -> 1 | M58: =IFERROR(__xludf.DUMMYFUNCTION("""COMPUTED_VALUE"""),0.9514) -> 0.9514 | N58: =IFERROR(__xludf.DUMMYFUNCTION("""COMPUTED_VALUE"""),0.99652) -> 0.99652 | O58: =IFERROR(__xludf.DUMMYFUNCTION("""COMPUTED_VALUE"""),0.99652) -> 0.99652 | P58: =IFERROR(__xludf.DUMMYFUNCTION("""COMPUTED_VALUE"""),1.0) -> 1 | Q58: =IFERROR(__xludf.DUMMYFUNCTION("""COMPUTED_VALUE"""),"") | R58: =IFERROR(__xludf.DUMMYFUNCTION("""COMPUTED_VALUE"""),"") | S58: =IFERROR(__xludf.DUMMYFUNCTION("""COMPUTED_VALUE"""),"") | T58: =IFERROR(__xludf.DUMMYFUNCTION("""COMPUTED_VALUE"""),"") | U58: =IFERROR(__xludf.DUMMYFUNCTION("""COMPUTED_VALUE"""),"") | V58: =IFERROR(__xludf.DUMMYFUNCTION("""COMPUTED_VALUE"""),"") | W58: =IFERROR(__xludf.DUMMYFUNCTION("""COMPUTED_VALUE"""),"") | X58: =IFERROR(__xludf.DUMMYFUNCTION("""COMPUTED_VALUE"""),"") | ... AN58: =IFERROR(__xludf.DUMMYFUNCTION("""COMPUTED_VALUE"""),"")
A59: MARFENFEN | B59: =IFERROR(__xludf.DUMMYFUNCTION("""COMPUTED_VALUE"""),"MALUKU") -> MALUKU | C59: =IFERROR(__xludf.DUMMYFUNCTION("""COMPUTED_VALUE"""),"JS18") -> JS18 | D59: JS PRO | F59: POWER | G59: Low batt , masih down | H59: =AVERAGE(J59:AN59) -> 0.65845143 | I59: =IF(H59<75%, "Potensi SP", "") -> Potensi SP | J59: =IFERROR(__xludf.DUMMYFUNCTION("""COMPUTED_VALUE"""),0.0) -> 0 | K59: =IFERROR(__xludf.DUMMYFUNCTION("""COMPUTED_VALUE"""),0.0) -> 0 | L59: =IFERROR(__xludf.DUMMYFUNCTION("""COMPUTED_VALUE"""),0.6091599999999999) -> 0.60916 | M59: =IFERROR(__xludf.DUMMYFUNCTION("""COMPUTED_VALUE"""),1.0) -> 1 | N59: =IFERROR(__xludf.DUMMYFUNCTION("""COMPUTED_VALUE"""),1.0) -> 1 | O59: =IFERROR(__xludf.DUMMYFUNCTION("""COMPUTED_VALUE"""),1.0) -> 1 | P59: =IFERROR(__xludf.DUMMYFUNCTION("""COMPUTED_VALUE"""),1.0) -> 1 | Q59: =IFERROR(__xludf.DUMMYFUNCTION("""COMPUTED_VALUE"""),"") | R59: =IFERROR(__xludf.DUMMYFUNCTION("""COMPUTED_VALUE"""),"") | S59: =IFERROR(__xludf.DUMMYFUNCTION("""COMPUTED_VALUE"""),"") | T59: =IFERROR(__xludf.DUMMYFUNCTION("""COMPUTED_VALUE"""),"") | U59: =IFERROR(__xludf.DUMMYFUNCTION("""COMPUTED_VALUE"""),"") | V59: =IFERROR(__xludf.DUMMYFUNCTION("""COMPUTED_VALUE"""),"") | W59: =IFERROR(__xludf.DUMMYFUNCTION("""COMPUTED_VALUE"""),"") | X59: =IFERROR(__xludf.DUMMYFUNCTION("""COMPUTED_VALUE"""),"") | ... AN59: =IFERROR(__xludf.DUMMYFUNCTION("""COMPUTED_VALUE"""),"")
A60: SANDEI | B60: =IFERROR(__xludf.DUMMYFUNCTION("""COMPUTED_VALUE"""),"PAPUA BARAT") -> PAPUA BARAT | C60: =IFERROR(__xludf.DUMMYFUNCTION("""COMPUTED_VALUE"""),"JS39") -> JS39 | D60: Talis5 Full | E60: 45615 | H60: =AVERAGE(J60:AN60) -> 1 | I60: =IF(H60<75%, "Potensi SP", "") | J60: =IFERROR(__xludf.DUMMYFUNCTION("""COMPUTED_VALUE"""),1.0) -> 1 | K60: =IFERROR(__xludf.DUMMYFUNCTION("""COMPUTED_VALUE"""),1.0) -> 1 | L60: =IFERROR(__xludf.DUMMYFUNCTION("""COMPUTED_VALUE"""),1.0) -> 1 | M60: =IFERROR(__xludf.DUMMYFUNCTION("""COMPUTED_VALUE"""),1.0) -> 1 | N60: =IFERROR(__xludf.DUMMYFUNCTION("""COMPUTED_VALUE"""),1.0) -> 1 | O60: =IFERROR(__xludf.DUMMYFUNCTION("""COMPUTED_VALUE"""),1.0) -> 1 | P60: =IFERROR(__xludf.DUMMYFUNCTION("""COMPUTED_VALUE"""),1.0) -> 1 | Q60: =IFERROR(__xludf.DUMMYFUNCTION("""COMPUTED_VALUE"""),"") | R60: =IFERROR(__xludf.DUMMYFUNCTION("""COMPUTED_VALUE"""),"") | S60: =IFERROR(__xludf.DUMMYFUNCTION("""COMPUTED_VALUE"""),"") | T60: =IFERROR(__xludf.DUMMYFUNCTION("""COMPUTED_VALUE"""),"") | U60: =IFERROR(__xludf.DUMMYFUNCTION("""COMPUTED_VALUE"""),"") | V60: =IFERROR(__xludf.DUMMYFUNCTION("""COMPUTED_VALUE"""),"") | W60: =IFERROR(__xludf.DUMMYFUNCTION("""COMPUTED_VALUE"""),"") | X60: =IFERROR(__xludf.DUMMYFUNCTION("""COMPUTED_VALUE"""),"") | ... AN60: =IFERROR(__xludf.DUMMYFUNCTION("""COMPUTED_VALUE"""),"")
A61: KAMAR | B61: =IFERROR(__xludf.DUMMYFUNCTION("""COMPUTED_VALUE"""),"MALUKU") -> MALUKU | C61: =IFERROR(__xludf.DUMMYFUNCTION("""COMPUTED_VALUE"""),"JS103") -> JS103 | D61: Talis5 Mix | E61: 45776 | G61: VSAT SUDAH UP | H61: =AVERAGE(J61:AN61) -> 0.99305 | I61: =IF(H61<75%, "Potensi SP", "") | J61: =IFERROR(__xludf.DUMMYFUNCTION("""COMPUTED_VALUE"""),0.9930599999999999) -> 0.99306 | K61: =IFERROR(__xludf.DUMMYFUNCTION("""COMPUTED_VALUE"""),1.0) -> 1 | L61: =IFERROR(__xludf.DUMMYFUNCTION("""COMPUTED_VALUE"""),0.99652) -> 0.99652 | M61: =IFERROR(__xludf.DUMMYFUNCTION("""COMPUTED_VALUE"""),0.99652) -> 0.99652 | N61: =IFERROR(__xludf.DUMMYFUNCTION("""COMPUTED_VALUE"""),0.98611) -> 0.98611 | O61: =IFERROR(__xludf.DUMMYFUNCTION("""COMPUTED_VALUE"""),0.9860899999999999) -> 0.98609 | P61: =IFERROR(__xludf.DUMMYFUNCTION("""COMPUTED_VALUE"""),0.9930500000000001) -> 0.99305 | Q61: =IFERROR(__xludf.DUMMYFUNCTION("""COMPUTED_VALUE"""),"") | R61: =IFERROR(__xludf.DUMMYFUNCTION("""COMPUTED_VALUE"""),"") | S61: =IFERROR(__xludf.DUMMYFUNCTION("""COMPUTED_VALUE"""),"") | T61: =IFERROR(__xludf.DUMMYFUNCTION("""COMPUTED_VALUE"""),"") | U61: =IFERROR(__xludf.DUMMYFUNCTION("""COMPUTED_VALUE"""),"") | V61: =IFERROR(__xludf.DUMMYFUNCTION("""COMPUTED_VALUE"""),"") | W61: =IFERROR(__xludf.DUMMYFUNCTION("""COMPUTED_VALUE"""),"") | X61: =IFERROR(__xludf.DUMMYFUNCTION("""COMPUTED_VALUE"""),"") | ... AN61: =IFERROR(__xludf.DUMMYFUNCTION("""COMPUTED_VALUE"""),"")
A62: WERLUMDITY | B62: =IFERROR(__xludf.DUMMYFUNCTION("""COMPUTED_VALUE"""),"MALUKU") -> MALUKU | C62: =IFERROR(__xludf.DUMMYFUNCTION("""COMPUTED_VALUE"""),"JS49") -> JS49 | D62: JS PRO | H62: =AVERAGE(J62:AN62) -> 1 | I62: =IF(H62<75%, "Potensi SP", "") | J62: =IFERROR(__xludf.DUMMYFUNCTION("""COMPUTED_VALUE"""),1.0) -> 1 | K62: =IFERROR(__xludf.DUMMYFUNCTION("""COMPUTED_VALUE"""),1.0) -> 1 | L62: =IFERROR(__xludf.DUMMYFUNCTION("""COMPUTED_VALUE"""),1.0) -> 1 | M62: =IFERROR(__xludf.DUMMYFUNCTION("""COMPUTED_VALUE"""),1.0) -> 1 | N62: =IFERROR(__xludf.DUMMYFUNCTION("""COMPUTED_VALUE"""),1.0) -> 1 | O62: =IFERROR(__xludf.DUMMYFUNCTION("""COMPUTED_VALUE"""),1.0) -> 1 | P62: =IFERROR(__xludf.DUMMYFUNCTION("""COMPUTED_VALUE"""),1.0) -> 1 | Q62: =IFERROR(__xludf.DUMMYFUNCTION("""COMPUTED_VALUE"""),"") | R62: =IFERROR(__xludf.DUMMYFUNCTION("""COMPUTED_VALUE"""),"") | S62: =IFERROR(__xludf.DUMMYFUNCTION("""COMPUTED_VALUE"""),"") | T62: =IFERROR(__xludf.DUMMYFUNCTION("""COMPUTED_VALUE"""),"") | U62: =IFERROR(__xludf.DUMMYFUNCTION("""COMPUTED_VALUE"""),"") | V62: =IFERROR(__xludf.DUMMYFUNCTION("""COMPUTED_VALUE"""),"") | W62: =IFERROR(__xludf.DUMMYFUNCTION("""COMPUTED_VALUE"""),"") | X62: =IFERROR(__xludf.DUMMYFUNCTION("""COMPUTED_VALUE"""),"") | ... AN62: =IFERROR(__xludf.DUMMYFUNCTION("""COMPUTED_VALUE"""),"")
A63: ATHABU | B63: =IFERROR(__xludf.DUMMYFUNCTION("""COMPUTED_VALUE"""),"PAPUA BARAT") -> PAPUA BARAT | C63: =IFERROR(__xludf.DUMMYFUNCTION("""COMPUTED_VALUE"""),"JS63") -> JS63 | D63: JS PRO | H63: =AVERAGE(J63:AN63) -> 1 | I63: =IF(H63<75%, "Potensi SP", "") | J63: =IFERROR(__xludf.DUMMYFUNCTION("""COMPUTED_VALUE"""),1.0) -> 1 | K63: =IFERROR(__xludf.DUMMYFUNCTION("""COMPUTED_VALUE"""),1.0) -> 1 | L63: =IFERROR(__xludf.DUMMYFUNCTION("""COMPUTED_VALUE"""),1.0) -> 1 | M63: =IFERROR(__xludf.DUMMYFUNCTION("""COMPUTED_VALUE"""),1.0) -> 1 | N63: =IFERROR(__xludf.DUMMYFUNCTION("""COMPUTED_VALUE"""),1.0) -> 1 | O63: =IFERROR(__xludf.DUMMYFUNCTION("""COMPUTED_VALUE"""),1.0) -> 1 | P63: =IFERROR(__xludf.DUMMYFUNCTION("""COMPUTED_VALUE"""),1.0) -> 1 | Q63: =IFERROR(__xludf.DUMMYFUNCTION("""COMPUTED_VALUE"""),"") | R63: =IFERROR(__xludf.DUMMYFUNCTION("""COMPUTED_VALUE"""),"") | S63: =IFERROR(__xludf.DUMMYFUNCTION("""COMPUTED_VALUE"""),"") | T63: =IFERROR(__xludf.DUMMYFUNCTION("""COMPUTED_VALUE"""),"") | U63: =IFERROR(__xludf.DUMMYFUNCTION("""COMPUTED_VALUE"""),"") | V63: =IFERROR(__xludf.DUMMYFUNCTION("""COMPUTED_VALUE"""),"") | W63: =IFERROR(__xludf.DUMMYFUNCTION("""COMPUTED_VALUE"""),"") | X63: =IFERROR(__xludf.DUMMYFUNCTION("""COMPUTED_VALUE"""),"") | ... AN63: =IFERROR(__xludf.DUMMYFUNCTION("""COMPUTED_VALUE"""),"")
A64: LILI | B64: =IFERROR(__xludf.DUMMYFUNCTION("""COMPUTED_VALUE"""),"MALUKU UTARA") -> MALUKU UTARA | C64: =IFERROR(__xludf.DUMMYFUNCTION("""COMPUTED_VALUE"""),"JS124") -> JS124 | D64: JS PRO | E64: 31 July 2025 | G64: VSAT sudah up | H64: =AVERAGE(J64:AN64) -> 0.99950429 | I64: =IF(H64<75%, "Potensi SP", "") | J64: =IFERROR(__xludf.DUMMYFUNCTION("""COMPUTED_VALUE"""),0.99653) -> 0.99653 | K64: =IFERROR(__xludf.DUMMYFUNCTION("""COMPUTED_VALUE"""),1.0) -> 1 | L64: =IFERROR(__xludf.DUMMYFUNCTION("""COMPUTED_VALUE"""),1.0) -> 1 | M64: =IFERROR(__xludf.DUMMYFUNCTION("""COMPUTED_VALUE"""),1.0) -> 1 | N64: =IFERROR(__xludf.DUMMYFUNCTION("""COMPUTED_VALUE"""),1.0) -> 1 | O64: =IFERROR(__xludf.DUMMYFUNCTION("""COMPUTED_VALUE"""),1.0) -> 1 | P64: =IFERROR(__xludf.DUMMYFUNCTION("""COMPUTED_VALUE"""),1.0) -> 1 | Q64: =IFERROR(__xludf.DUMMYFUNCTION("""COMPUTED_VALUE"""),"") | R64: =IFERROR(__xludf.DUMMYFUNCTION("""COMPUTED_VALUE"""),"") | S64: =IFERROR(__xludf.DUMMYFUNCTION("""COMPUTED_VALUE"""),"") | T64: =IFERROR(__xludf.DUMMYFUNCTION("""COMPUTED_VALUE"""),"") | U64: =IFERROR(__xludf.DUMMYFUNCTION("""COMPUTED_VALUE"""),"") | V64: =IFERROR(__xludf.DUMMYFUNCTION("""COMPUTED_VALUE"""),"") | W64: =IFERROR(__xludf.DUMMYFUNCTION("""COMPUTED_VALUE"""),"") | X64: =IFERROR(__xludf.DUMMYFUNCTION("""COMPUTED_VALUE"""),"") | ... AN64: =IFERROR(__xludf.DUMMYFUNCTION("""COMPUTED_VALUE"""),"")
A65: TOMARA | B65: =IFERROR(__xludf.DUMMYFUNCTION("""COMPUTED_VALUE"""),"MALUKU UTARA") -> MALUKU UTARA | C65: =IFERROR(__xludf.DUMMYFUNCTION("""COMPUTED_VALUE"""),"JS05") -> JS05 | D65: Talis5 Full | E65: 24 December 2024 | H65: =AVERAGE(J65:AN65) -> 1 | I65: =IF(H65<75%, "Potensi SP", "") | J65: =IFERROR(__xludf.DUMMYFUNCTION("""COMPUTED_VALUE"""),1.0) -> 1 | K65: =IFERROR(__xludf.DUMMYFUNCTION("""COMPUTED_VALUE"""),1.0) -> 1 | L65: =IFERROR(__xludf.DUMMYFUNCTION("""COMPUTED_VALUE"""),1.0) -> 1 | M65: =IFERROR(__xludf.DUMMYFUNCTION("""COMPUTED_VALUE"""),1.0) -> 1 | N65: =IFERROR(__xludf.DUMMYFUNCTION("""COMPUTED_VALUE"""),1.0) -> 1 | O65: =IFERROR(__xludf.DUMMYFUNCTION("""COMPUTED_VALUE"""),1.0) -> 1 | P65: =IFERROR(__xludf.DUMMYFUNCTION("""COMPUTED_VALUE"""),1.0) -> 1 | Q65: =IFERROR(__xludf.DUMMYFUNCTION("""COMPUTED_VALUE"""),"") | R65: =IFERROR(__xludf.DUMMYFUNCTION("""COMPUTED_VALUE"""),"") | S65: =IFERROR(__xludf.DUMMYFUNCTION("""COMPUTED_VALUE"""),"") | T65: =IFERROR(__xludf.DUMMYFUNCTION("""COMPUTED_VALUE"""),"") | U65: =IFERROR(__xludf.DUMMYFUNCTION("""COMPUTED_VALUE"""),"") | V65: =IFERROR(__xludf.DUMMYFUNCTION("""COMPUTED_VALUE"""),"") | W65: =IFERROR(__xludf.DUMMYFUNCTION("""COMPUTED_VALUE"""),"") | X65: =IFERROR(__xludf.DUMMYFUNCTION("""COMPUTED_VALUE"""),"") | ... AN65: =IFERROR(__xludf.DUMMYFUNCTION("""COMPUTED_VALUE"""),"")
A66: TEINEMAN | B66: =IFERROR(__xludf.DUMMYFUNCTION("""COMPUTED_VALUE"""),"MALUKU") -> MALUKU | C66: =IFERROR(__xludf.DUMMYFUNCTION("""COMPUTED_VALUE"""),"JS30") -> JS30 | D66: JS PRO | H66: =AVERAGE(J66:AN66) -> 1 | I66: =IF(H66<75%, "Potensi SP", "") | J66: =IFERROR(__xludf.DUMMYFUNCTION("""COMPUTED_VALUE"""),1.0) -> 1 | K66: =IFERROR(__xludf.DUMMYFUNCTION("""COMPUTED_VALUE"""),1.0) -> 1 | L66: =IFERROR(__xludf.DUMMYFUNCTION("""COMPUTED_VALUE"""),1.0) -> 1 | M66: =IFERROR(__xludf.DUMMYFUNCTION("""COMPUTED_VALUE"""),1.0) -> 1 | N66: =IFERROR(__xludf.DUMMYFUNCTION("""COMPUTED_VALUE"""),1.0) -> 1 | O66: =IFERROR(__xludf.DUMMYFUNCTION("""COMPUTED_VALUE"""),1.0) -> 1 | P66: =IFERROR(__xludf.DUMMYFUNCTION("""COMPUTED_VALUE"""),1.0) -> 1 | Q66: =IFERROR(__xludf.DUMMYFUNCTION("""COMPUTED_VALUE"""),"") | R66: =IFERROR(__xludf.DUMMYFUNCTION("""COMPUTED_VALUE"""),"") | S66: =IFERROR(__xludf.DUMMYFUNCTION("""COMPUTED_VALUE"""),"") | T66: =IFERROR(__xludf.DUMMYFUNCTION("""COMPUTED_VALUE"""),"") | U66: =IFERROR(__xludf.DUMMYFUNCTION("""COMPUTED_VALUE"""),"") | V66: =IFERROR(__xludf.DUMMYFUNCTION("""COMPUTED_VALUE"""),"") | W66: =IFERROR(__xludf.DUMMYFUNCTION("""COMPUTED_VALUE"""),"") | X66: =IFERROR(__xludf.DUMMYFUNCTION("""COMPUTED_VALUE"""),"") | ... AN66: =IFERROR(__xludf.DUMMYFUNCTION("""COMPUTED_VALUE"""),"")
A67: WAAN | B67: =IFERROR(__xludf.DUMMYFUNCTION("""COMPUTED_VALUE"""),"PAPUA SELATAN") -> PAPUA SELATAN | C67: =IFERROR(__xludf.DUMMYFUNCTION("""COMPUTED_VALUE"""),"JS02") -> JS02 | D67: JS PRO | E67: 45975 | G67: VSAT sudah up | H67: =AVERAGE(J67:AN67) -> 1 | I67: =IF(H67<75%, "Potensi SP", "") | J67: =IFERROR(__xludf.DUMMYFUNCTION("""COMPUTED_VALUE"""),1.0) -> 1 | K67: =IFERROR(__xludf.DUMMYFUNCTION("""COMPUTED_VALUE"""),1.0) -> 1 | L67: =IFERROR(__xludf.DUMMYFUNCTION("""COMPUTED_VALUE"""),1.0) -> 1 | M67: =IFERROR(__xludf.DUMMYFUNCTION("""COMPUTED_VALUE"""),1.0) -> 1 | N67: =IFERROR(__xludf.DUMMYFUNCTION("""COMPUTED_VALUE"""),1.0) -> 1 | O67: =IFERROR(__xludf.DUMMYFUNCTION("""COMPUTED_VALUE"""),1.0) -> 1 | P67: =IFERROR(__xludf.DUMMYFUNCTION("""COMPUTED_VALUE"""),1.0) -> 1 | Q67: =IFERROR(__xludf.DUMMYFUNCTION("""COMPUTED_VALUE"""),"") | R67: =IFERROR(__xludf.DUMMYFUNCTION("""COMPUTED_VALUE"""),"") | S67: =IFERROR(__xludf.DUMMYFUNCTION("""COMPUTED_VALUE"""),"") | T67: =IFERROR(__xludf.DUMMYFUNCTION("""COMPUTED_VALUE"""),"") | U67: =IFERROR(__xludf.DUMMYFUNCTION("""COMPUTED_VALUE"""),"") | V67: =IFERROR(__xludf.DUMMYFUNCTION("""COMPUTED_VALUE"""),"") | W67: =IFERROR(__xludf.DUMMYFUNCTION("""COMPUTED_VALUE"""),"") | X67: =IFERROR(__xludf.DUMMYFUNCTION("""COMPUTED_VALUE"""),"") | ... AN67: =IFERROR(__xludf.DUMMYFUNCTION("""COMPUTED_VALUE"""),"")
A68: BUMI RAHMAT | B68: =IFERROR(__xludf.DUMMYFUNCTION("""COMPUTED_VALUE"""),"MALUKU UTARA") -> MALUKU UTARA | C68: =IFERROR(__xludf.DUMMYFUNCTION("""COMPUTED_VALUE"""),"JS120") -> JS120 | D68: JS PRO | H68: =AVERAGE(J68:AN68) -> 1 | I68: =IF(H68<75%, "Potensi SP", "") | J68: =IFERROR(__xludf.DUMMYFUNCTION("""COMPUTED_VALUE"""),1.0) -> 1 | K68: =IFERROR(__xludf.DUMMYFUNCTION("""COMPUTED_VALUE"""),1.0) -> 1 | L68: =IFERROR(__xludf.DUMMYFUNCTION("""COMPUTED_VALUE"""),1.0) -> 1 | M68: =IFERROR(__xludf.DUMMYFUNCTION("""COMPUTED_VALUE"""),1.0) -> 1 | N68: =IFERROR(__xludf.DUMMYFUNCTION("""COMPUTED_VALUE"""),1.0) -> 1 | O68: =IFERROR(__xludf.DUMMYFUNCTION("""COMPUTED_VALUE"""),1.0) -> 1 | P68: =IFERROR(__xludf.DUMMYFUNCTION("""COMPUTED_VALUE"""),1.0) -> 1 | Q68: =IFERROR(__xludf.DUMMYFUNCTION("""COMPUTED_VALUE"""),"") | R68: =IFERROR(__xludf.DUMMYFUNCTION("""COMPUTED_VALUE"""),"") | S68: =IFERROR(__xludf.DUMMYFUNCTION("""COMPUTED_VALUE"""),"") | T68: =IFERROR(__xludf.DUMMYFUNCTION("""COMPUTED_VALUE"""),"") | U68: =IFERROR(__xludf.DUMMYFUNCTION("""COMPUTED_VALUE"""),"") | V68: =IFERROR(__xludf.DUMMYFUNCTION("""COMPUTED_VALUE"""),"") | W68: =IFERROR(__xludf.DUMMYFUNCTION("""COMPUTED_VALUE"""),"") | X68: =IFERROR(__xludf.DUMMYFUNCTION("""COMPUTED_VALUE"""),"") | ... AN68: =IFERROR(__xludf.DUMMYFUNCTION("""COMPUTED_VALUE"""),"")
A69: IMBU-IMBU | B69: =IFERROR(__xludf.DUMMYFUNCTION("""COMPUTED_VALUE"""),"MALUKU UTARA") -> MALUKU UTARA | C69: =IFERROR(__xludf.DUMMYFUNCTION("""COMPUTED_VALUE"""),"JS131") -> JS131 | D69: JS PRO | H69: =AVERAGE(J69:AN69) -> 1 | I69: =IF(H69<75%, "Potensi SP", "") | J69: =IFERROR(__xludf.DUMMYFUNCTION("""COMPUTED_VALUE"""),1.0) -> 1 | K69: =IFERROR(__xludf.DUMMYFUNCTION("""COMPUTED_VALUE"""),1.0) -> 1 | L69: =IFERROR(__xludf.DUMMYFUNCTION("""COMPUTED_VALUE"""),1.0) -> 1 | M69: =IFERROR(__xludf.DUMMYFUNCTION("""COMPUTED_VALUE"""),1.0) -> 1 | N69: =IFERROR(__xludf.DUMMYFUNCTION("""COMPUTED_VALUE"""),1.0) -> 1 | O69: =IFERROR(__xludf.DUMMYFUNCTION("""COMPUTED_VALUE"""),1.0) -> 1 | P69: =IFERROR(__xludf.DUMMYFUNCTION("""COMPUTED_VALUE"""),1.0) -> 1 | Q69: =IFERROR(__xludf.DUMMYFUNCTION("""COMPUTED_VALUE"""),"") | R69: =IFERROR(__xludf.DUMMYFUNCTION("""COMPUTED_VALUE"""),"") | S69: =IFERROR(__xludf.DUMMYFUNCTION("""COMPUTED_VALUE"""),"") | T69: =IFERROR(__xludf.DUMMYFUNCTION("""COMPUTED_VALUE"""),"") | U69: =IFERROR(__xludf.DUMMYFUNCTION("""COMPUTED_VALUE"""),"") | V69: =IFERROR(__xludf.DUMMYFUNCTION("""COMPUTED_VALUE"""),"") | W69: =IFERROR(__xludf.DUMMYFUNCTION("""COMPUTED_VALUE"""),"") | X69: =IFERROR(__xludf.DUMMYFUNCTION("""COMPUTED_VALUE"""),"") | ... AN69: =IFERROR(__xludf.DUMMYFUNCTION("""COMPUTED_VALUE"""),"")
A70: MUWINBOW | B70: =IFERROR(__xludf.DUMMYFUNCTION("""COMPUTED_VALUE"""),"PAPUA BARAT") -> PAPUA BARAT | C70: =IFERROR(__xludf.DUMMYFUNCTION("""COMPUTED_VALUE"""),"JS37") -> JS37 | D70: JS PRO | H70: =AVERAGE(J70:AN70) -> 1 | I70: =IF(H70<75%, "Potensi SP", "") | J70: =IFERROR(__xludf.DUMMYFUNCTION("""COMPUTED_VALUE"""),1.0) -> 1 | K70: =IFERROR(__xludf.DUMMYFUNCTION("""COMPUTED_VALUE"""),1.0) -> 1 | L70: =IFERROR(__xludf.DUMMYFUNCTION("""COMPUTED_VALUE"""),1.0) -> 1 | M70: =IFERROR(__xludf.DUMMYFUNCTION("""COMPUTED_VALUE"""),1.0) -> 1 | N70: =IFERROR(__xludf.DUMMYFUNCTION("""COMPUTED_VALUE"""),1.0) -> 1 | O70: =IFERROR(__xludf.DUMMYFUNCTION("""COMPUTED_VALUE"""),1.0) -> 1 | P70: =IFERROR(__xludf.DUMMYFUNCTION("""COMPUTED_VALUE"""),1.0) -> 1 | Q70: =IFERROR(__xludf.DUMMYFUNCTION("""COMPUTED_VALUE"""),"") | R70: =IFERROR(__xludf.DUMMYFUNCTION("""COMPUTED_VALUE"""),"") | S70: =IFERROR(__xludf.DUMMYFUNCTION("""COMPUTED_VALUE"""),"") | T70: =IFERROR(__xludf.DUMMYFUNCTION("""COMPUTED_VALUE"""),"") | U70: =IFERROR(__xludf.DUMMYFUNCTION("""COMPUTED_VALUE"""),"") | V70: =IFERROR(__xludf.DUMMYFUNCTION("""COMPUTED_VALUE"""),"") | W70: =IFERROR(__xludf.DUMMYFUNCTION("""COMPUTED_VALUE"""),"") | X70: =IFERROR(__xludf.DUMMYFUNCTION("""COMPUTED_VALUE"""),"") | ... AN70: =IFERROR(__xludf.DUMMYFUNCTION("""COMPUTED_VALUE"""),"")
A71: WOMBU | B71: =IFERROR(__xludf.DUMMYFUNCTION("""COMPUTED_VALUE"""),"PAPUA BARAT") -> PAPUA BARAT | C71: =IFERROR(__xludf.DUMMYFUNCTION("""COMPUTED_VALUE"""),"JS21") -> JS21 | D71: JS PRO | G71: SNMP flat (sudah normal) | H71: =AVERAGE(J71:AN71) -> 1 | I71: =IF(H71<75%, "Potensi SP", "") | J71: =IFERROR(__xludf.DUMMYFUNCTION("""COMPUTED_VALUE"""),1.0) -> 1 | K71: =IFERROR(__xludf.DUMMYFUNCTION("""COMPUTED_VALUE"""),1.0) -> 1 | L71: =IFERROR(__xludf.DUMMYFUNCTION("""COMPUTED_VALUE"""),1.0) -> 1 | M71: =IFERROR(__xludf.DUMMYFUNCTION("""COMPUTED_VALUE"""),1.0) -> 1 | N71: =IFERROR(__xludf.DUMMYFUNCTION("""COMPUTED_VALUE"""),1.0) -> 1 | O71: =IFERROR(__xludf.DUMMYFUNCTION("""COMPUTED_VALUE"""),1.0) -> 1 | P71: =IFERROR(__xludf.DUMMYFUNCTION("""COMPUTED_VALUE"""),1.0) -> 1 | Q71: =IFERROR(__xludf.DUMMYFUNCTION("""COMPUTED_VALUE"""),"") | R71: =IFERROR(__xludf.DUMMYFUNCTION("""COMPUTED_VALUE"""),"") | S71: =IFERROR(__xludf.DUMMYFUNCTION("""COMPUTED_VALUE"""),"") | T71: =IFERROR(__xludf.DUMMYFUNCTION("""COMPUTED_VALUE"""),"") | U71: =IFERROR(__xludf.DUMMYFUNCTION("""COMPUTED_VALUE"""),"") | V71: =IFERROR(__xludf.DUMMYFUNCTION("""COMPUTED_VALUE"""),"") | W71: =IFERROR(__xludf.DUMMYFUNCTION("""COMPUTED_VALUE"""),"") | X71: =IFERROR(__xludf.DUMMYFUNCTION("""COMPUTED_VALUE"""),"") | ... AN71: =IFERROR(__xludf.DUMMYFUNCTION("""COMPUTED_VALUE"""),"")
A72: DOROLAMO 1 | B72: =IFERROR(__xludf.DUMMYFUNCTION("""COMPUTED_VALUE"""),"MALUKU UTARA") -> MALUKU UTARA | C72: =IFERROR(__xludf.DUMMYFUNCTION("""COMPUTED_VALUE"""),"JS130") -> JS130 | D72: JS PRO | H72: =AVERAGE(J72:AN72) -> 0.99603143 | I72: =IF(H72<75%, "Potensi SP", "") | J72: =IFERROR(__xludf.DUMMYFUNCTION("""COMPUTED_VALUE"""),1.0) -> 1 | K72: =IFERROR(__xludf.DUMMYFUNCTION("""COMPUTED_VALUE"""),1.0) -> 1 | L72: =IFERROR(__xludf.DUMMYFUNCTION("""COMPUTED_VALUE"""),0.97222) -> 0.97222 | M72: =IFERROR(__xludf.DUMMYFUNCTION("""COMPUTED_VALUE"""),1.0) -> 1 | N72: =IFERROR(__xludf.DUMMYFUNCTION("""COMPUTED_VALUE"""),1.0) -> 1 | O72: =IFERROR(__xludf.DUMMYFUNCTION("""COMPUTED_VALUE"""),1.0) -> 1 | P72: =IFERROR(__xludf.DUMMYFUNCTION("""COMPUTED_VALUE"""),1.0) -> 1 | Q72: =IFERROR(__xludf.DUMMYFUNCTION("""COMPUTED_VALUE"""),"") | R72: =IFERROR(__xludf.DUMMYFUNCTION("""COMPUTED_VALUE"""),"") | S72: =IFERROR(__xludf.DUMMYFUNCTION("""COMPUTED_VALUE"""),"") | T72: =IFERROR(__xludf.DUMMYFUNCTION("""COMPUTED_VALUE"""),"") | U72: =IFERROR(__xludf.DUMMYFUNCTION("""COMPUTED_VALUE"""),"") | V72: =IFERROR(__xludf.DUMMYFUNCTION("""COMPUTED_VALUE"""),"") | W72: =IFERROR(__xludf.DUMMYFUNCTION("""COMPUTED_VALUE"""),"") | X72: =IFERROR(__xludf.DUMMYFUNCTION("""COMPUTED_VALUE"""),"") | ... AN72: =IFERROR(__xludf.DUMMYFUNCTION("""COMPUTED_VALUE"""),"")
A73: NONDANG | B73: =IFERROR(__xludf.DUMMYFUNCTION("""COMPUTED_VALUE"""),"MALUKU UTARA") -> MALUKU UTARA | C73: =IFERROR(__xludf.DUMMYFUNCTION("""COMPUTED_VALUE"""),"JS6") -> JS6 | D73: Talis5 Mix | E73: 28 December 2024 | H73: =AVERAGE(J73:AN73) -> 0.99950286 | I73: =IF(H73<75%, "Potensi SP", "") | J73: =IFERROR(__xludf.DUMMYFUNCTION("""COMPUTED_VALUE"""),1.0) -> 1 | K73: =IFERROR(__xludf.DUMMYFUNCTION("""COMPUTED_VALUE"""),1.0) -> 1 | L73: =IFERROR(__xludf.DUMMYFUNCTION("""COMPUTED_VALUE"""),1.0) -> 1 | M73: =IFERROR(__xludf.DUMMYFUNCTION("""COMPUTED_VALUE"""),1.0) -> 1 | N73: =IFERROR(__xludf.DUMMYFUNCTION("""COMPUTED_VALUE"""),1.0) -> 1 | O73: =IFERROR(__xludf.DUMMYFUNCTION("""COMPUTED_VALUE"""),0.99652) -> 0.99652 | P73: =IFERROR(__xludf.DUMMYFUNCTION("""COMPUTED_VALUE"""),1.0) -> 1 | Q73: =IFERROR(__xludf.DUMMYFUNCTION("""COMPUTED_VALUE"""),"") | R73: =IFERROR(__xludf.DUMMYFUNCTION("""COMPUTED_VALUE"""),"") | S73: =IFERROR(__xludf.DUMMYFUNCTION("""COMPUTED_VALUE"""),"") | T73: =IFERROR(__xludf.DUMMYFUNCTION("""COMPUTED_VALUE"""),"") | U73: =IFERROR(__xludf.DUMMYFUNCTION("""COMPUTED_VALUE"""),"") | V73: =IFERROR(__xludf.DUMMYFUNCTION("""COMPUTED_VALUE"""),"") | W73: =IFERROR(__xludf.DUMMYFUNCTION("""COMPUTED_VALUE"""),"") | X73: =IFERROR(__xludf.DUMMYFUNCTION("""COMPUTED_VALUE"""),"") | ... AN73: =IFERROR(__xludf.DUMMYFUNCTION("""COMPUTED_VALUE"""),"")
A74: SUMA TINGGI | B74: =IFERROR(__xludf.DUMMYFUNCTION("""COMPUTED_VALUE"""),"MALUKU UTARA") -> MALUKU UTARA | C74: =IFERROR(__xludf.DUMMYFUNCTION("""COMPUTED_VALUE"""),"JS15") -> JS15 | D74: Talis5 Mix | E74: 29 December 2024 | F74: POWER-Tiket | G74: SNMP sudh up done replace Ehub | H74: =AVERAGE(J74:AN74) -> 0.37536 | I74: =IF(H74<75%, "Potensi SP", "") -> Potensi SP | J74: =IFERROR(__xludf.DUMMYFUNCTION("""COMPUTED_VALUE"""),0.0) -> 0 | K74: =IFERROR(__xludf.DUMMYFUNCTION("""COMPUTED_VALUE"""),0.0) -> 0 | L74: =IFERROR(__xludf.DUMMYFUNCTION("""COMPUTED_VALUE"""),0.0) -> 0 | M74: =IFERROR(__xludf.DUMMYFUNCTION("""COMPUTED_VALUE"""),0.0) -> 0 | N74: =IFERROR(__xludf.DUMMYFUNCTION("""COMPUTED_VALUE"""),0.6275200000000001) -> 0.62752 | O74: =IFERROR(__xludf.DUMMYFUNCTION("""COMPUTED_VALUE"""),1.0) -> 1 | P74: =IFERROR(__xludf.DUMMYFUNCTION("""COMPUTED_VALUE"""),1.0) -> 1 | Q74: =IFERROR(__xludf.DUMMYFUNCTION("""COMPUTED_VALUE"""),"") | R74: =IFERROR(__xludf.DUMMYFUNCTION("""COMPUTED_VALUE"""),"") | S74: =IFERROR(__xludf.DUMMYFUNCTION("""COMPUTED_VALUE"""),"") | T74: =IFERROR(__xludf.DUMMYFUNCTION("""COMPUTED_VALUE"""),"") | U74: =IFERROR(__xludf.DUMMYFUNCTION("""COMPUTED_VALUE"""),"") | V74: =IFERROR(__xludf.DUMMYFUNCTION("""COMPUTED_VALUE"""),"") | W74: =IFERROR(__xludf.DUMMYFUNCTION("""COMPUTED_VALUE"""),"") | X74: =IFERROR(__xludf.DUMMYFUNCTION("""COMPUTED_VALUE"""),"") | ... AN74: =IFERROR(__xludf.DUMMYFUNCTION("""COMPUTED_VALUE"""),"")
A75: PURAGI | B75: =IFERROR(__xludf.DUMMYFUNCTION("""COMPUTED_VALUE"""),"PAPUA BARAT") -> PAPUA BARAT | C75: =IFERROR(__xludf.DUMMYFUNCTION("""COMPUTED_VALUE"""),"JS71") -> JS71 | D75: JS PRO | H75: =AVERAGE(J75:AN75) -> 1 | I75: =IF(H75<75%, "Potensi SP", "") | J75: =IFERROR(__xludf.DUMMYFUNCTION("""COMPUTED_VALUE"""),1.0) -> 1 | K75: =IFERROR(__xludf.DUMMYFUNCTION("""COMPUTED_VALUE"""),1.0) -> 1 | L75: =IFERROR(__xludf.DUMMYFUNCTION("""COMPUTED_VALUE"""),1.0) -> 1 | M75: =IFERROR(__xludf.DUMMYFUNCTION("""COMPUTED_VALUE"""),1.0) -> 1 | N75: =IFERROR(__xludf.DUMMYFUNCTION("""COMPUTED_VALUE"""),1.0) -> 1 | O75: =IFERROR(__xludf.DUMMYFUNCTION("""COMPUTED_VALUE"""),1.0) -> 1 | P75: =IFERROR(__xludf.DUMMYFUNCTION("""COMPUTED_VALUE"""),1.0) -> 1 | Q75: =IFERROR(__xludf.DUMMYFUNCTION("""COMPUTED_VALUE"""),"") | R75: =IFERROR(__xludf.DUMMYFUNCTION("""COMPUTED_VALUE"""),"") | S75: =IFERROR(__xludf.DUMMYFUNCTION("""COMPUTED_VALUE"""),"") | T75: =IFERROR(__xludf.DUMMYFUNCTION("""COMPUTED_VALUE"""),"") | U75: =IFERROR(__xludf.DUMMYFUNCTION("""COMPUTED_VALUE"""),"") | V75: =IFERROR(__xludf.DUMMYFUNCTION("""COMPUTED_VALUE"""),"") | W75: =IFERROR(__xludf.DUMMYFUNCTION("""COMPUTED_VALUE"""),"") | X75: =IFERROR(__xludf.DUMMYFUNCTION("""COMPUTED_VALUE"""),"") | ... AN75: =IFERROR(__xludf.DUMMYFUNCTION("""COMPUTED_VALUE"""),"")
A76: SORRY | B76: =IFERROR(__xludf.DUMMYFUNCTION("""COMPUTED_VALUE"""),"PAPUA BARAT") -> PAPUA BARAT | C76: =IFERROR(__xludf.DUMMYFUNCTION("""COMPUTED_VALUE"""),"JS77") -> JS77 | D76: JS PRO | G76: vsat sudah up | H76: =AVERAGE(J76:AN76) -> 0.95981857 | I76: =IF(H76<75%, "Potensi SP", "") | J76: =IFERROR(__xludf.DUMMYFUNCTION("""COMPUTED_VALUE"""),1.0) -> 1 | K76: =IFERROR(__xludf.DUMMYFUNCTION("""COMPUTED_VALUE"""),1.0) -> 1 | L76: =IFERROR(__xludf.DUMMYFUNCTION("""COMPUTED_VALUE"""),0.95807) -> 0.95807 | M76: =IFERROR(__xludf.DUMMYFUNCTION("""COMPUTED_VALUE"""),0.76414) -> 0.76414 | N76: =IFERROR(__xludf.DUMMYFUNCTION("""COMPUTED_VALUE"""),0.99652) -> 0.99652 | O76: =IFERROR(__xludf.DUMMYFUNCTION("""COMPUTED_VALUE"""),1.0) -> 1 | P76: =IFERROR(__xludf.DUMMYFUNCTION("""COMPUTED_VALUE"""),1.0) -> 1 | Q76: =IFERROR(__xludf.DUMMYFUNCTION("""COMPUTED_VALUE"""),"") | R76: =IFERROR(__xludf.DUMMYFUNCTION("""COMPUTED_VALUE"""),"") | S76: =IFERROR(__xludf.DUMMYFUNCTION("""COMPUTED_VALUE"""),"") | T76: =IFERROR(__xludf.DUMMYFUNCTION("""COMPUTED_VALUE"""),"") | U76: =IFERROR(__xludf.DUMMYFUNCTION("""COMPUTED_VALUE"""),"") | V76: =IFERROR(__xludf.DUMMYFUNCTION("""COMPUTED_VALUE"""),"") | W76: =IFERROR(__xludf.DUMMYFUNCTION("""COMPUTED_VALUE"""),"") | X76: =IFERROR(__xludf.DUMMYFUNCTION("""COMPUTED_VALUE"""),"") | ... AN76: =IFERROR(__xludf.DUMMYFUNCTION("""COMPUTED_VALUE"""),"")
A77: SOSEPE | B77: =IFERROR(__xludf.DUMMYFUNCTION("""COMPUTED_VALUE"""),"MALUKU UTARA") -> MALUKU UTARA | C77: =IFERROR(__xludf.DUMMYFUNCTION("""COMPUTED_VALUE"""),"JS116") -> JS116 | D77: JS PRO | H77: =AVERAGE(J77:AN77) -> 0.98015571 | I77: =IF(H77<75%, "Potensi SP", "") | J77: =IFERROR(__xludf.DUMMYFUNCTION("""COMPUTED_VALUE"""),1.0) -> 1 | K77: =IFERROR(__xludf.DUMMYFUNCTION("""COMPUTED_VALUE"""),1.0) -> 1 | L77: =IFERROR(__xludf.DUMMYFUNCTION("""COMPUTED_VALUE"""),1.0) -> 1 | M77: =IFERROR(__xludf.DUMMYFUNCTION("""COMPUTED_VALUE"""),0.86458) -> 0.86458 | N77: =IFERROR(__xludf.DUMMYFUNCTION("""COMPUTED_VALUE"""),0.99651) -> 0.99651 | O77: =IFERROR(__xludf.DUMMYFUNCTION("""COMPUTED_VALUE"""),1.0) -> 1 | P77: =IFERROR(__xludf.DUMMYFUNCTION("""COMPUTED_VALUE"""),1.0) -> 1 | Q77: =IFERROR(__xludf.DUMMYFUNCTION("""COMPUTED_VALUE"""),"") | R77: =IFERROR(__xludf.DUMMYFUNCTION("""COMPUTED_VALUE"""),"") | S77: =IFERROR(__xludf.DUMMYFUNCTION("""COMPUTED_VALUE"""),"") | T77: =IFERROR(__xludf.DUMMYFUNCTION("""COMPUTED_VALUE"""),"") | U77: =IFERROR(__xludf.DUMMYFUNCTION("""COMPUTED_VALUE"""),"") | V77: =IFERROR(__xludf.DUMMYFUNCTION("""COMPUTED_VALUE"""),"") | W77: =IFERROR(__xludf.DUMMYFUNCTION("""COMPUTED_VALUE"""),"") | X77: =IFERROR(__xludf.DUMMYFUNCTION("""COMPUTED_VALUE"""),"") | ... AN77: =IFERROR(__xludf.DUMMYFUNCTION("""COMPUTED_VALUE"""),"")
A78: SUMBER AGUNG | B78: =IFERROR(__xludf.DUMMYFUNCTION("""COMPUTED_VALUE"""),"MALUKU") -> MALUKU | C78: =IFERROR(__xludf.DUMMYFUNCTION("""COMPUTED_VALUE"""),"JS70") -> JS70 | D78: JS PRO | H78: =AVERAGE(J78:AN78) -> 0.99950286 | I78: =IF(H78<75%, "Potensi SP", "") | J78: =IFERROR(__xludf.DUMMYFUNCTION("""COMPUTED_VALUE"""),1.0) -> 1 | K78: =IFERROR(__xludf.DUMMYFUNCTION("""COMPUTED_VALUE"""),1.0) -> 1 | L78: =IFERROR(__xludf.DUMMYFUNCTION("""COMPUTED_VALUE"""),1.0) -> 1 | M78: =IFERROR(__xludf.DUMMYFUNCTION("""COMPUTED_VALUE"""),1.0) -> 1 | N78: =IFERROR(__xludf.DUMMYFUNCTION("""COMPUTED_VALUE"""),0.99652) -> 0.99652 | O78: =IFERROR(__xludf.DUMMYFUNCTION("""COMPUTED_VALUE"""),1.0) -> 1 | P78: =IFERROR(__xludf.DUMMYFUNCTION("""COMPUTED_VALUE"""),1.0) -> 1 | Q78: =IFERROR(__xludf.DUMMYFUNCTION("""COMPUTED_VALUE"""),"") | R78: =IFERROR(__xludf.DUMMYFUNCTION("""COMPUTED_VALUE"""),"") | S78: =IFERROR(__xludf.DUMMYFUNCTION("""COMPUTED_VALUE"""),"") | T78: =IFERROR(__xludf.DUMMYFUNCTION("""COMPUTED_VALUE"""),"") | U78: =IFERROR(__xludf.DUMMYFUNCTION("""COMPUTED_VALUE"""),"") | V78: =IFERROR(__xludf.DUMMYFUNCTION("""COMPUTED_VALUE"""),"") | W78: =IFERROR(__xludf.DUMMYFUNCTION("""COMPUTED_VALUE"""),"") | X78: =IFERROR(__xludf.DUMMYFUNCTION("""COMPUTED_VALUE"""),"") | ... AN78: =IFERROR(__xludf.DUMMYFUNCTION("""COMPUTED_VALUE"""),"")
A79: TATANGAPU | B79: =IFERROR(__xludf.DUMMYFUNCTION("""COMPUTED_VALUE"""),"MALUKU UTARA") -> MALUKU UTARA | C79: =IFERROR(__xludf.DUMMYFUNCTION("""COMPUTED_VALUE"""),"JS126") -> JS126 | D79: Talis5 Mix(migrasi pln) | E79: 45969 | G79: SOMO BTS Done revit 8-nov-25 | H79: =AVERAGE(J79:AN79) -> 1 | I79: =IF(H79<75%, "Potensi SP", "") | J79: =IFERROR(__xludf.DUMMYFUNCTION("""COMPUTED_VALUE"""),1.0) -> 1 | K79: =IFERROR(__xludf.DUMMYFUNCTION("""COMPUTED_VALUE"""),1.0) -> 1 | L79: =IFERROR(__xludf.DUMMYFUNCTION("""COMPUTED_VALUE"""),1.0) -> 1 | M79: =IFERROR(__xludf.DUMMYFUNCTION("""COMPUTED_VALUE"""),1.0) -> 1 | N79: =IFERROR(__xludf.DUMMYFUNCTION("""COMPUTED_VALUE"""),1.0) -> 1 | O79: =IFERROR(__xludf.DUMMYFUNCTION("""COMPUTED_VALUE"""),1.0) -> 1 | P79: =IFERROR(__xludf.DUMMYFUNCTION("""COMPUTED_VALUE"""),1.0) -> 1 | Q79: =IFERROR(__xludf.DUMMYFUNCTION("""COMPUTED_VALUE"""),"") | R79: =IFERROR(__xludf.DUMMYFUNCTION("""COMPUTED_VALUE"""),"") | S79: =IFERROR(__xludf.DUMMYFUNCTION("""COMPUTED_VALUE"""),"") | T79: =IFERROR(__xludf.DUMMYFUNCTION("""COMPUTED_VALUE"""),"") | U79: =IFERROR(__xludf.DUMMYFUNCTION("""COMPUTED_VALUE"""),"") | V79: =IFERROR(__xludf.DUMMYFUNCTION("""COMPUTED_VALUE"""),"") | W79: =IFERROR(__xludf.DUMMYFUNCTION("""COMPUTED_VALUE"""),"") | X79: =IFERROR(__xludf.DUMMYFUNCTION("""COMPUTED_VALUE"""),"") | ... AN79: =IFERROR(__xludf.DUMMYFUNCTION("""COMPUTED_VALUE"""),"")
A80: WASILEO | B80: =IFERROR(__xludf.DUMMYFUNCTION("""COMPUTED_VALUE"""),"MALUKU UTARA") -> MALUKU UTARA | C80: =IFERROR(__xludf.DUMMYFUNCTION("""COMPUTED_VALUE"""),"JS132") -> JS132 | D80: JS PRO | H80: =AVERAGE(J80:AN80) -> 0.99503857 | I80: =IF(H80<75%, "Potensi SP", "") | J80: =IFERROR(__xludf.DUMMYFUNCTION("""COMPUTED_VALUE"""),0.96527) -> 0.96527 | K80: =IFERROR(__xludf.DUMMYFUNCTION("""COMPUTED_VALUE"""),1.0) -> 1 | L80: =IFERROR(__xludf.DUMMYFUNCTION("""COMPUTED_VALUE"""),1.0) -> 1 | M80: =IFERROR(__xludf.DUMMYFUNCTION("""COMPUTED_VALUE"""),1.0) -> 1 | N80: =IFERROR(__xludf.DUMMYFUNCTION("""COMPUTED_VALUE"""),1.0) -> 1 | O80: =IFERROR(__xludf.DUMMYFUNCTION("""COMPUTED_VALUE"""),1.0) -> 1 | P80: =IFERROR(__xludf.DUMMYFUNCTION("""COMPUTED_VALUE"""),1.0) -> 1 | Q80: =IFERROR(__xludf.DUMMYFUNCTION("""COMPUTED_VALUE"""),"") | R80: =IFERROR(__xludf.DUMMYFUNCTION("""COMPUTED_VALUE"""),"") | S80: =IFERROR(__xludf.DUMMYFUNCTION("""COMPUTED_VALUE"""),"") | T80: =IFERROR(__xludf.DUMMYFUNCTION("""COMPUTED_VALUE"""),"") | U80: =IFERROR(__xludf.DUMMYFUNCTION("""COMPUTED_VALUE"""),"") | V80: =IFERROR(__xludf.DUMMYFUNCTION("""COMPUTED_VALUE"""),"") | W80: =IFERROR(__xludf.DUMMYFUNCTION("""COMPUTED_VALUE"""),"") | X80: =IFERROR(__xludf.DUMMYFUNCTION("""COMPUTED_VALUE"""),"") | ... AN80: =IFERROR(__xludf.DUMMYFUNCTION("""COMPUTED_VALUE"""),"")
A81: SAKETA | B81: =IFERROR(__xludf.DUMMYFUNCTION("""COMPUTED_VALUE"""),"MALUKU UTARA") -> MALUKU UTARA | C81: =IFERROR(__xludf.DUMMYFUNCTION("""COMPUTED_VALUE"""),"JS129") -> JS129 | D81: JS PRO | F81: POWER-Tiket | G81: insiden terbakar site masih down | H81: =AVERAGE(J81:AN81) -> 0 | I81: =IF(H81<75%, "Potensi SP", "") -> Potensi SP | J81: =IFERROR(__xludf.DUMMYFUNCTION("""COMPUTED_VALUE"""),0.0) -> 0 | K81: =IFERROR(__xludf.DUMMYFUNCTION("""COMPUTED_VALUE"""),0.0) -> 0 | L81: =IFERROR(__xludf.DUMMYFUNCTION("""COMPUTED_VALUE"""),0.0) -> 0 | M81: =IFERROR(__xludf.DUMMYFUNCTION("""COMPUTED_VALUE"""),0.0) -> 0 | N81: =IFERROR(__xludf.DUMMYFUNCTION("""COMPUTED_VALUE"""),0.0) -> 0 | O81: =IFERROR(__xludf.DUMMYFUNCTION("""COMPUTED_VALUE"""),0.0) -> 0 | P81: =IFERROR(__xludf.DUMMYFUNCTION("""COMPUTED_VALUE"""),0.0) -> 0 | Q81: =IFERROR(__xludf.DUMMYFUNCTION("""COMPUTED_VALUE"""),"") | R81: =IFERROR(__xludf.DUMMYFUNCTION("""COMPUTED_VALUE"""),"") | S81: =IFERROR(__xludf.DUMMYFUNCTION("""COMPUTED_VALUE"""),"") | T81: =IFERROR(__xludf.DUMMYFUNCTION("""COMPUTED_VALUE"""),"") | U81: =IFERROR(__xludf.DUMMYFUNCTION("""COMPUTED_VALUE"""),"") | V81: =IFERROR(__xludf.DUMMYFUNCTION("""COMPUTED_VALUE"""),"") | W81: =IFERROR(__xludf.DUMMYFUNCTION("""COMPUTED_VALUE"""),"") | X81: =IFERROR(__xludf.DUMMYFUNCTION("""COMPUTED_VALUE"""),"") | ... AN81: =IFERROR(__xludf.DUMMYFUNCTION("""COMPUTED_VALUE"""),"")
A82: KELO | B82: =IFERROR(__xludf.DUMMYFUNCTION("""COMPUTED_VALUE"""),"MALUKU UTARA") -> MALUKU UTARA | C82: =IFERROR(__xludf.DUMMYFUNCTION("""COMPUTED_VALUE"""),"JS118") -> JS118 | D82: JS PRO | H82: =AVERAGE(J82:AN82) -> 1 | I82: =IF(H82<75%, "Potensi SP", "") | J82: =IFERROR(__xludf.DUMMYFUNCTION("""COMPUTED_VALUE"""),1.0) -> 1 | K82: =IFERROR(__xludf.DUMMYFUNCTION("""COMPUTED_VALUE"""),1.0) -> 1 | L82: =IFERROR(__xludf.DUMMYFUNCTION("""COMPUTED_VALUE"""),1.0) -> 1 | M82: =IFERROR(__xludf.DUMMYFUNCTION("""COMPUTED_VALUE"""),1.0) -> 1 | N82: =IFERROR(__xludf.DUMMYFUNCTION("""COMPUTED_VALUE"""),1.0) -> 1 | O82: =IFERROR(__xludf.DUMMYFUNCTION("""COMPUTED_VALUE"""),1.0) -> 1 | P82: =IFERROR(__xludf.DUMMYFUNCTION("""COMPUTED_VALUE"""),1.0) -> 1 | Q82: =IFERROR(__xludf.DUMMYFUNCTION("""COMPUTED_VALUE"""),"") | R82: =IFERROR(__xludf.DUMMYFUNCTION("""COMPUTED_VALUE"""),"") | S82: =IFERROR(__xludf.DUMMYFUNCTION("""COMPUTED_VALUE"""),"") | T82: =IFERROR(__xludf.DUMMYFUNCTION("""COMPUTED_VALUE"""),"") | U82: =IFERROR(__xludf.DUMMYFUNCTION("""COMPUTED_VALUE"""),"") | V82: =IFERROR(__xludf.DUMMYFUNCTION("""COMPUTED_VALUE"""),"") | W82: =IFERROR(__xludf.DUMMYFUNCTION("""COMPUTED_VALUE"""),"") | X82: =IFERROR(__xludf.DUMMYFUNCTION("""COMPUTED_VALUE"""),"") | ... AN82: =IFERROR(__xludf.DUMMYFUNCTION("""COMPUTED_VALUE"""),"")
A83: OHA | B83: =IFERROR(__xludf.DUMMYFUNCTION("""COMPUTED_VALUE"""),"MALUKU UTARA") -> MALUKU UTARA | C83: =IFERROR(__xludf.DUMMYFUNCTION("""COMPUTED_VALUE"""),"JS125") -> JS125 | D83: JS PRO | G83: Vsat up down | H83: =AVERAGE(J83:AN83) -> 0.89289143 | I83: =IF(H83<75%, "Potensi SP", "") | J83: =IFERROR(__xludf.DUMMYFUNCTION("""COMPUTED_VALUE"""),0.90997) -> 0.90997 | K83: =IFERROR(__xludf.DUMMYFUNCTION("""COMPUTED_VALUE"""),0.95833) -> 0.95833 | L83: =IFERROR(__xludf.DUMMYFUNCTION("""COMPUTED_VALUE"""),0.60763) -> 0.60763 | M83: =IFERROR(__xludf.DUMMYFUNCTION("""COMPUTED_VALUE"""),0.92361) -> 0.92361 | N83: =IFERROR(__xludf.DUMMYFUNCTION("""COMPUTED_VALUE"""),0.92708) -> 0.92708 | O83: =IFERROR(__xludf.DUMMYFUNCTION("""COMPUTED_VALUE"""),1.0) -> 1 | P83: =IFERROR(__xludf.DUMMYFUNCTION("""COMPUTED_VALUE"""),0.92362) -> 0.92362 | Q83: =IFERROR(__xludf.DUMMYFUNCTION("""COMPUTED_VALUE"""),"") | R83: =IFERROR(__xludf.DUMMYFUNCTION("""COMPUTED_VALUE"""),"") | S83: =IFERROR(__xludf.DUMMYFUNCTION("""COMPUTED_VALUE"""),"") | T83: =IFERROR(__xludf.DUMMYFUNCTION("""COMPUTED_VALUE"""),"") | U83: =IFERROR(__xludf.DUMMYFUNCTION("""COMPUTED_VALUE"""),"") | V83: =IFERROR(__xludf.DUMMYFUNCTION("""COMPUTED_VALUE"""),"") | W83: =IFERROR(__xludf.DUMMYFUNCTION("""COMPUTED_VALUE"""),"") | X83: =IFERROR(__xludf.DUMMYFUNCTION("""COMPUTED_VALUE"""),"") | ... AN83: =IFERROR(__xludf.DUMMYFUNCTION("""COMPUTED_VALUE"""),"")
J84: =IFERROR(__xludf.DUMMYFUNCTION("""COMPUTED_VALUE"""),"") | K84: =IFERROR(__xludf.DUMMYFUNCTION("""COMPUTED_VALUE"""),"") | L84: =IFERROR(__xludf.DUMMYFUNCTION("""COMPUTED_VALUE"""),"") | M84: =IFERROR(__xludf.DUMMYFUNCTION("""COMPUTED_VALUE"""),"") | N84: =IFERROR(__xludf.DUMMYFUNCTION("""COMPUTED_VALUE"""),"") | O84: =IFERROR(__xludf.DUMMYFUNCTION("""COMPUTED_VALUE"""),"") | P84: =IFERROR(__xludf.DUMMYFUNCTION("""COMPUTED_VALUE"""),"") | Q84: =IFERROR(__xludf.DUMMYFUNCTION("""COMPUTED_VALUE"""),"") | ... AN84: =IFERROR(__xludf.DUMMYFUNCTION("""COMPUTED_VALUE"""),"")
J85: =IFERROR(__xludf.DUMMYFUNCTION("""COMPUTED_VALUE"""),"") | K85: =IFERROR(__xludf.DUMMYFUNCTION("""COMPUTED_VALUE"""),"") | L85: =IFERROR(__xludf.DUMMYFUNCTION("""COMPUTED_VALUE"""),"") | M85: =IFERROR(__xludf.DUMMYFUNCTION("""COMPUTED_VALUE"""),"") | N85: =IFERROR(__xludf.DUMMYFUNCTION("""COMPUTED_VALUE"""),"") | O85: =IFERROR(__xludf.DUMMYFUNCTION("""COMPUTED_VALUE"""),"") | P85: =IFERROR(__xludf.DUMMYFUNCTION("""COMPUTED_VALUE"""),"") | Q85: =IFERROR(__xludf.DUMMYFUNCTION("""COMPUTED_VALUE"""),"") | ... AN85: =IFERROR(__xludf.DUMMYFUNCTION("""COMPUTED_VALUE"""),"")
J86: =IFERROR(__xludf.DUMMYFUNCTION("""COMPUTED_VALUE"""),"") | K86: =IFERROR(__xludf.DUMMYFUNCTION("""COMPUTED_VALUE"""),"") | L86: =IFERROR(__xludf.DUMMYFUNCTION("""COMPUTED_VALUE"""),"") | M86: =IFERROR(__xludf.DUMMYFUNCTION("""COMPUTED_VALUE"""),"") | N86: =IFERROR(__xludf.DUMMYFUNCTION("""COMPUTED_VALUE"""),"") | O86: =IFERROR(__xludf.DUMMYFUNCTION("""COMPUTED_VALUE"""),"") | P86: =IFERROR(__xludf.DUMMYFUNCTION("""COMPUTED_VALUE"""),"") | Q86: =IFERROR(__xludf.DUMMYFUNCTION("""COMPUTED_VALUE"""),"") | ... AN86: =IFERROR(__xludf.DUMMYFUNCTION("""COMPUTED_VALUE"""),"")
J87: =IFERROR(__xludf.DUMMYFUNCTION("""COMPUTED_VALUE"""),"") | K87: =IFERROR(__xludf.DUMMYFUNCTION("""COMPUTED_VALUE"""),"") | L87: =IFERROR(__xludf.DUMMYFUNCTION("""COMPUTED_VALUE"""),"") | M87: =IFERROR(__xludf.DUMMYFUNCTION("""COMPUTED_VALUE"""),"") | N87: =IFERROR(__xludf.DUMMYFUNCTION("""COMPUTED_VALUE"""),"") | O87: =IFERROR(__xludf.DUMMYFUNCTION("""COMPUTED_VALUE"""),"") | P87: =IFERROR(__xludf.DUMMYFUNCTION("""COMPUTED_VALUE"""),"") | Q87: =IFERROR(__xludf.DUMMYFUNCTION("""COMPUTED_VALUE"""),"") | ... AN87: =IFERROR(__xludf.DUMMYFUNCTION("""COMPUTED_VALUE"""),"")
J88: =IFERROR(__xludf.DUMMYFUNCTION("""COMPUTED_VALUE"""),"") | K88: =IFERROR(__xludf.DUMMYFUNCTION("""COMPUTED_VALUE"""),"") | L88: =IFERROR(__xludf.DUMMYFUNCTION("""COMPUTED_VALUE"""),"") | M88: =IFERROR(__xludf.DUMMYFUNCTION("""COMPUTED_VALUE"""),"") | N88: =IFERROR(__xludf.DUMMYFUNCTION("""COMPUTED_VALUE"""),"") | O88: =IFERROR(__xludf.DUMMYFUNCTION("""COMPUTED_VALUE"""),"") | P88: =IFERROR(__xludf.DUMMYFUNCTION("""COMPUTED_VALUE"""),"") | Q88: =IFERROR(__xludf.DUMMYFUNCTION("""COMPUTED_VALUE"""),"") | ... AN88: =IFERROR(__xludf.DUMMYFUNCTION("""COMPUTED_VALUE"""),"")
J89: =IFERROR(__xludf.DUMMYFUNCTION("""COMPUTED_VALUE"""),"") | K89: =IFERROR(__xludf.DUMMYFUNCTION("""COMPUTED_VALUE"""),"") | L89: =IFERROR(__xludf.DUMMYFUNCTION("""COMPUTED_VALUE"""),"") | M89: =IFERROR(__xludf.DUMMYFUNCTION("""COMPUTED_VALUE"""),"") | N89: =IFERROR(__xludf.DUMMYFUNCTION("""COMPUTED_VALUE"""),"") | O89: =IFERROR(__xludf.DUMMYFUNCTION("""COMPUTED_VALUE"""),"") | P89: =IFERROR(__xludf.DUMMYFUNCTION("""COMPUTED_VALUE"""),"") | Q89: =IFERROR(__xludf.DUMMYFUNCTION("""COMPUTED_VALUE"""),"") | ... AN89: =IFERROR(__xludf.DUMMYFUNCTION("""COMPUTED_VALUE"""),"")
J90: =IFERROR(__xludf.DUMMYFUNCTION("""COMPUTED_VALUE"""),"") | K90: =IFERROR(__xludf.DUMMYFUNCTION("""COMPUTED_VALUE"""),"") | L90: =IFERROR(__xludf.DUMMYFUNCTION("""COMPUTED_VALUE"""),"") | M90: =IFERROR(__xludf.DUMMYFUNCTION("""COMPUTED_VALUE"""),"") | N90: =IFERROR(__xludf.DUMMYFUNCTION("""COMPUTED_VALUE"""),"") | O90: =IFERROR(__xludf.DUMMYFUNCTION("""COMPUTED_VALUE"""),"") | P90: =IFERROR(__xludf.DUMMYFUNCTION("""COMPUTED_VALUE"""),"") | Q90: =IFERROR(__xludf.DUMMYFUNCTION("""COMPUTED_VALUE"""),"") | ... AN90: =IFERROR(__xludf.DUMMYFUNCTION("""COMPUTED_VALUE"""),"")
J91: =IFERROR(__xludf.DUMMYFUNCTION("""COMPUTED_VALUE"""),"") | K91: =IFERROR(__xludf.DUMMYFUNCTION("""COMPUTED_VALUE"""),"") | L91: =IFERROR(__xludf.DUMMYFUNCTION("""COMPUTED_VALUE"""),"") | M91: =IFERROR(__xludf.DUMMYFUNCTION("""COMPUTED_VALUE"""),"") | N91: =IFERROR(__xludf.DUMMYFUNCTION("""COMPUTED_VALUE"""),"") | O91: =IFERROR(__xludf.DUMMYFUNCTION("""COMPUTED_VALUE"""),"") | P91: =IFERROR(__xludf.DUMMYFUNCTION("""COMPUTED_VALUE"""),"") | Q91: =IFERROR(__xludf.DUMMYFUNCTION("""COMPUTED_VALUE"""),"") | ... AN91: =IFERROR(__xludf.DUMMYFUNCTION("""COMPUTED_VALUE"""),"")
J92: =IFERROR(__xludf.DUMMYFUNCTION("""COMPUTED_VALUE"""),"") | K92: =IFERROR(__xludf.DUMMYFUNCTION("""COMPUTED_VALUE"""),"") | L92: =IFERROR(__xludf.DUMMYFUNCTION("""COMPUTED_VALUE"""),"") | M92: =IFERROR(__xludf.DUMMYFUNCTION("""COMPUTED_VALUE"""),"") | N92: =IFERROR(__xludf.DUMMYFUNCTION("""COMPUTED_VALUE"""),"") | O92: =IFERROR(__xludf.DUMMYFUNCTION("""COMPUTED_VALUE"""),"") | P92: =IFERROR(__xludf.DUMMYFUNCTION("""COMPUTED_VALUE"""),"") | Q92: =IFERROR(__xludf.DUMMYFUNCTION("""COMPUTED_VALUE"""),"") | ... AN92: =IFERROR(__xludf.DUMMYFUNCTION("""COMPUTED_VALUE"""),"")
J93: =IFERROR(__xludf.DUMMYFUNCTION("""COMPUTED_VALUE"""),"") | K93: =IFERROR(__xludf.DUMMYFUNCTION("""COMPUTED_VALUE"""),"") | L93: =IFERROR(__xludf.DUMMYFUNCTION("""COMPUTED_VALUE"""),"") | M93: =IFERROR(__xludf.DUMMYFUNCTION("""COMPUTED_VALUE"""),"") | N93: =IFERROR(__xludf.DUMMYFUNCTION("""COMPUTED_VALUE"""),"") | O93: =IFERROR(__xludf.DUMMYFUNCTION("""COMPUTED_VALUE"""),"") | P93: =IFERROR(__xludf.DUMMYFUNCTION("""COMPUTED_VALUE"""),"") | Q93: =IFERROR(__xludf.DUMMYFUNCTION("""COMPUTED_VALUE"""),"") | ... AN93: =IFERROR(__xludf.DUMMYFUNCTION("""COMPUTED_VALUE"""),"")
J94: =IFERROR(__xludf.DUMMYFUNCTION("""COMPUTED_VALUE"""),"") | K94: =IFERROR(__xludf.DUMMYFUNCTION("""COMPUTED_VALUE"""),"") | L94: =IFERROR(__xludf.DUMMYFUNCTION("""COMPUTED_VALUE"""),"") | M94: =IFERROR(__xludf.DUMMYFUNCTION("""COMPUTED_VALUE"""),"") | N94: =IFERROR(__xludf.DUMMYFUNCTION("""COMPUTED_VALUE"""),"") | O94: =IFERROR(__xludf.DUMMYFUNCTION("""COMPUTED_VALUE"""),"") | P94: =IFERROR(__xludf.DUMMYFUNCTION("""COMPUTED_VALUE"""),"") | Q94: =IFERROR(__xludf.DUMMYFUNCTION("""COMPUTED_VALUE"""),"") | ... AN94: =IFERROR(__xludf.DUMMYFUNCTION("""COMPUTED_VALUE"""),"")
J95: =IFERROR(__xludf.DUMMYFUNCTION("""COMPUTED_VALUE"""),"") | K95: =IFERROR(__xludf.DUMMYFUNCTION("""COMPUTED_VALUE"""),"") | L95: =IFERROR(__xludf.DUMMYFUNCTION("""COMPUTED_VALUE"""),"") | M95: =IFERROR(__xludf.DUMMYFUNCTION("""COMPUTED_VALUE"""),"") | N95: =IFERROR(__xludf.DUMMYFUNCTION("""COMPUTED_VALUE"""),"") | O95: =IFERROR(__xludf.DUMMYFUNCTION("""COMPUTED_VALUE"""),"") | P95: =IFERROR(__xludf.DUMMYFUNCTION("""COMPUTED_VALUE"""),"") | Q95: =IFERROR(__xludf.DUMMYFUNCTION("""COMPUTED_VALUE"""),"") | ... AN95: =IFERROR(__xludf.DUMMYFUNCTION("""COMPUTED_VALUE"""),"")
... J999: =IFERROR(__xludf.DUMMYFUNCTION("""COMPUTED_VALUE"""),"") | K999: =IFERROR(__xludf.DUMMYFUNCTION("""COMPUTED_VALUE"""),"") | L999: =IFERROR(__xludf.DUMMYFUNCTION("""COMPUTED_VALUE"""),"") | M999: =IFERROR(__xludf.DUMMYFUNCTION("""COMPUTED_VALUE"""),"") | N999: =IFERROR(__xludf.DUMMYFUNCTION("""COMPUTED_VALUE"""),"") | O999: =IFERROR(__xludf.DUMMYFUNCTION("""COMPUTED_VALUE"""),"") | P999: =IFERROR(__xludf.DUMMYFUNCTION("""COMPUTED_VALUE"""),"") | Q999: =IFERROR(__xludf.DUMMYFUNCTION("""COMPUTED_VALUE"""),"") | ... AN999: =IFERROR(__xludf.DUMMYFUNCTION("""COMPUTED_VALUE"""),"")

Sheet siteinfo
B1: SITE SUNDAYA PROJEK BAKTI TAHUN 2025
B2: PROVINSI | C2: TOTAL SITE | D2: BATERAI | E2: TOTAL SITE | F2: LIST SITE
B3: PAPUA | C3: =COUNTIF(SLA!B4:B1004, "Papua*") -> 35 | D3: JS PRO | E3: =COUNTIFS(SLA!B4:B1004, "Papua*", SLA!D4:D1004, "JS PRO") -> 20 | F3: =IFERROR(__xludf.DUMMYFUNCTION("IFERROR(TEXTJOIN("", "", TRUE, FILTER(SLA!A4:A1004, REGEXMATCH(SLA!B4:B1004, ""(?i)^Papua""), UPPER(SLA!D4:D1004) = ""JS PRO"")), ""Tidak ada tiket Papua JS PRO yang ditemukan"")"),"INYORA, RENIS, AISA, KOREWATARA, BORI, MAWE, BOLDON, SOBIAR, MAAN, MIRAFAN, NIJ, SIRI-SIRI, SUNEI, AISANDAMI, ATHABU, WAAN, MUWINBOW, WOMBU, PURAGI, SORRY") -> INYORA, RENIS, AISA, KOREWATARA, BORI, MAWE, BOLDON, SOBIAR, MAAN, MIRAFAN, NIJ, SIRI-SIRI, SUNEI, AISANDAMI, ATHABU, WAAN, MUWINBOW, WOMBU, PURAGI, SORRY
D4: TALIS5 FULL | E4: =COUNTIFS(SLA!B4:B1004, "Papua*", SLA!D4:D1004, "Talis5 Full") -> 12 | F4: =IFERROR(__xludf.DUMMYFUNCTION("IFERROR(TEXTJOIN("", "", TRUE, FILTER(SLA!A4:A1004, REGEXMATCH(SLA!B4:B1004, ""(?i)^Papua""), UPPER(SLA!D4:D1004) = ""Talis5 Full"")), ""Tidak ada tiket Papua JS PRO yang ditemukan"")"),"ISENEBUAI, MAKARORO, NIAP, SOROWAN, SAYORI SIKAMA, NANIMORI, KLAYILI, KARUAN, BEDARE, SUMANO, SARIAI, SANDEI") -> ISENEBUAI, MAKARORO, NIAP, SOROWAN, SAYORI SIKAMA, NANIMORI, KLAYILI, KARUAN, BEDARE, SUMANO, SARIAI, SANDEI
D5: TALIS5 MIX | E5: =COUNTIFS(SLA!B4:B1004, "Papua*", SLA!D4:D1004, "Talis5 Mix") -> 3 | F5: =IFERROR(__xludf.DUMMYFUNCTION("IFERROR(TEXTJOIN("", "", TRUE, FILTER(SLA!A4:A1004, REGEXMATCH(SLA!B4:B1004, ""(?i)^Papua""), UPPER(SLA!D4:D1004) = ""Talis5 Mix"")), ""Tidak ada tiket Papua JS PRO yang ditemukan"")"),"MENARBU, BOHA, YABORE") -> MENARBU, BOHA, YABORE
D6: TALIS5 MIX(MIGRASI PLN) | E6: =COUNTIFS(SLA!B4:B1004, "Papua*", SLA!D4:D1004, "*Migrasi pln*") -> 0 | F6: =IFERROR(__xludf.DUMMYFUNCTION("IFERROR(TEXTJOIN("", "", TRUE, FILTER(SLA!A7:A1004, REGEXMATCH(SLA!B7:B1004, ""(?i)^Papua""), REGEXMATCH(SLA!D7:D1004, ""(?i)Migrasi pln""))), """")"),"")
B7: MALUKU | C7: =COUNTIF(SLA!B4:B1004, "maluku*") -> 45 | D7: JS PRO | E7: =COUNTIFS(SLA!B7:B1004, "Maluku*", SLA!D7:D1004, "JS PRO") -> 26 | F7: =IFERROR(__xludf.DUMMYFUNCTION("IFERROR(TEXTJOIN("", "", TRUE, FILTER(SLA!A7:A1004, REGEXMATCH(SLA!B7:B1004, ""(?i)^Maluku""), UPPER(SLA!D7:D1004) = ""JS PRO"")), ""Tidak ada tiket Papua JS PRO yang ditemukan"")"),"SUMAE, OCIMALOLEO, WAYATIM, WARLOI, KAMPUNG BARU 1, SEKELY, TUTUPA, MARANTUTUL, TABAJAYA, KAIREU, MAIKOR, HUHUA, UPT SP2 PATLEAN, MARFENFEN, WERLUMDITY, LILI, TEINEMAN, BUMI RAHMAT, IMBU-IMBU, DOROLAMO 1, SOSEPE, SUMBER AGUNG, WASILEO, SAKETA, KELO, OHA") -> SUMAE, OCIMALOLEO, WAYATIM, WARLOI, KAMPUNG BARU 1, SEKELY, TUTUPA, MARANTUTUL, TABAJAYA, KAIREU, MAIKOR, HUHUA, UPT SP2 PATLEAN, MARFENFEN, WERLUMDITY, LILI, TEINEMAN, BUMI RAHMAT, IMBU-IMBU, DOROLAMO 1, SOSEPE, SUMBER AGUNG, WASILEO, SAKETA, KELO, OHA
D8: TALIS5 FULL | E8: =COUNTIFS(SLA!B7:B1004, "Maluku*", SLA!D7:D1004, "Talis5 Full") -> 7 | F8: =IFERROR(__xludf.DUMMYFUNCTION("IFERROR(TEXTJOIN("", "", TRUE, FILTER(SLA!A7:A1004, REGEXMATCH(SLA!B7:B1004, ""(?i)^Maluku""), UPPER(SLA!D7:D1004) = ""Talis5 Full"")), ""Tidak ada tiket Papua JS PRO yang ditemukan"")"),"KOBROR, RUMOY, ILILI, TOSOA, KAINARA, SERA, TOMARA") -> KOBROR, RUMOY, ILILI, TOSOA, KAINARA, SERA, TOMARA
D9: TALIS5 MIX | E9: =COUNTIFS(SLA!B7:B1004, "Maluku*", SLA!D7:D1004, "Talis5 Mix") -> 9 | F9: =IFERROR(__xludf.DUMMYFUNCTION("IFERROR(TEXTJOIN("", "", TRUE, FILTER(SLA!A7:A1004, REGEXMATCH(SLA!B7:B1004, ""(?i)^Maluku""), UPPER(SLA!D7:D1004) = ""Talis5 Mix"")), ""Tidak ada tiket Papua JS PRO yang ditemukan"")"),"HUKUKECIL, ELIASA, SILANG, MITAK KOLAM, SOFYANIN, SUKOWATI, KAMAR, NONDANG, SUMA TINGGI") -> HUKUKECIL, ELIASA, SILANG, MITAK KOLAM, SOFYANIN, SUKOWATI, KAMAR, NONDANG, SUMA TINGGI
D10: TALIS5 MIX(MIGRASI PLN) | E10: =COUNTIFS(SLA!B4:B1004, "Maluku*", SLA!D4:D1004, "*Migrasi pln*") -> 3 | F10: =IFERROR(__xludf.DUMMYFUNCTION("IFERROR(TEXTJOIN("", "", TRUE, FILTER(SLA!A7:A1004, REGEXMATCH(SLA!B7:B1004, ""(?i)^Maluku""), REGEXMATCH(SLA!D7:D1004, ""(?i)Migrasi pln""))), ""Tidak ada tiket yang ditemukan"")"),"TABANGAME, HONITETU, TATANGAPU") -> TABANGAME, HONITETU, TATANGAPU
B11: TOTAL | C11: =SUM(C3:C9) -> 80
B13: BATERAI | C13: TOTAL SITE | D13: PERSENTASE
B14: JS PRO | C14: =E3+E7 -> 46 | D14: =C14/80*100% -> 0.575
B15: TALIS5 FULL | C15: =E4+E8 -> 19 | D15: =(C15+C16+C17)/80*100% -> 0.425
B16: TALIS5 MIX | C16: =E5+E9 -> 12
B17: TALIS5 MIX(MIGRASI PLN) | C17: =E6+E10 -> 3
B18: TOTAL | C18: =SUM(C14:C17) -> 80

Sheet Cluster
B1: No | C1: Provinsi | D1: Kabupaten / Kota | E1: No | F1: Center Point
B3: 1 | C3: Kepulauan Riau | D3: Natuna | E3: 1 | F3: Natuna
D4: Kepulauan Anambas | E4: 2 | F4: Tarempa
B5: 2 | C5: Maluku | D5: Maluku Barat Daya | E5: 3 | F5: Wakpapapi/Saumlaki
D6: Kepulauan Tanimbar
D7: Kepulauan Aru | E7: 4 | F7: Dobo
D8: Kepulauan Sula | E8: 5 | F8: Sanana
D9: Seram Bagian Timur | E9: 6 | F9: Bula
D10: Seram Bagian Barat | E10: 7 | F10: Ambon
B11: 3 | C11: Maluku Utara | D11: Halmahera Selatan | E11: 8 | F11: Ternate/Bacan
D12: Halmahera Timur | E12: 9 | F12: Haltim
D13: Halmahera Barat
B14: 4 | C14: Nusa Tenggara Timur | D14: Kupang | E14: 10 | F14: Soe/Atambua
B15: TOTAL NON PAPUA
B17: 1 | C17: Papua Barat | D17: Sorsel / sorong | E17: 1 | F17: Basecamp Kantor Sorong
E18: 2 | F18: Teminabuan/Sorsel
E19: 3 | F19: Maybrat
E20: 4 | F20: Wondama &Mansel
B21: 2 | C21: Papua | D21: Mamberamo | E21: 5 | F21: Mamberamo/Srui
D22: Asmat | E22: 6 | F22: Asmat & Nduga
D23: Jayapura | E23: 7 | F23: Jayapura
E24: 8 | F24: Merauke/Wamena
E25: 9 | F25: Nabire

Sheet Talis Full
A1: =SUBTOTAL(3,A3:A1002) -> 19 | B1: https://docs.google.com/spreadsheets/d/1Dxy1QCrdHtey6bTgAreH_-HSdvsVycgOWj8r7wFE9qo/edit?usp=sharing | J1: =AVERAGE(J3:J1002) -> 0.89035105 | K1: =AVERAGE(K3:K1002) -> 0.92456632 | L1: =AVERAGE(L3:L1002) -> 0.93094263 | M1: =AVERAGE(M3:M1002) -> 0.92872789 | N1: =AVERAGE(N3:N1002) -> 0.93475684 | O1: =AVERAGE(O3:O1002) -> 0.94024158 | P1: =AVERAGE(P3:P1002) -> 0.94151737 | Q1: =AVERAGE(Q3:Q1002) -> #DIV/0! | ... AN1: =AVERAGE(AN3:AN1002) -> #DIV/0!
A2: NAMA SITE | B2: PROVINSI | C2: KODE SITE | D2: BATERAI TYPE | E2: Done Instal (Talis) | F2: PIC | G2: PROBLEM | H2: SLA AVG | I2: Status | J2: 1 | K2: 2 | L2: 3 | M2: 4 | N2: 5 | O2: 6 | P2: 7 | Q2: 8 | R2: 9 | S2: 10 | T2: 11 | U2: 12 | V2: 13 | W2: 14 | X2: 15 | Y2: 16 | Z2: 17 | AA2: 18 | AB2: 19 | AC2: 20 | AD2: 21 | AE2: 22 | AF2: 23 | AG2: 24 | AH2: 25 | AI2: 26 | AJ2: 27 | AK2: 28 | AL2: 29 | AM2: 30 | AN2: 31
A3: =IFERROR(__xludf.DUMMYFUNCTION("LET( data, IMPORTRANGE(B1, ""SLA!A:An""), filtered, FILTER(data, INDEX(data, 0, 4) = ""Talis5 Full""), SORT(filtered, 8, TRUE) ) "),"RUMOY") -> RUMOY | B3: =IFERROR(__xludf.DUMMYFUNCTION("""COMPUTED_VALUE"""),"MALUKU") -> MALUKU | C3: =IFERROR(__xludf.DUMMYFUNCTION("""COMPUTED_VALUE"""),"JS97") -> JS97 | D3: =IFERROR(__xludf.DUMMYFUNCTION("""COMPUTED_VALUE"""),"Talis5 Full") -> Talis5 Full | E3: =IFERROR(__xludf.DUMMYFUNCTION("""COMPUTED_VALUE"""),"12 December 2024") -> 12 December 2024 | F3: =IFERROR(__xludf.DUMMYFUNCTION("""COMPUTED_VALUE"""),"POWER-Tiket-onprogres") -> POWER-Tiket-onprogres | G3: =IFERROR(__xludf.DUMMYFUNCTION("""COMPUTED_VALUE"""),"SNMP masih down") -> SNMP masih down | H3: =IFERROR(__xludf.DUMMYFUNCTION("""COMPUTED_VALUE"""),0.0) -> 0 | I3: =IFERROR(__xludf.DUMMYFUNCTION("""COMPUTED_VALUE"""),"Potensi SP") -> Potensi SP | J3: =IFERROR(__xludf.DUMMYFUNCTION("""COMPUTED_VALUE"""),0.0) -> 0 | K3: =IFERROR(__xludf.DUMMYFUNCTION("""COMPUTED_VALUE"""),0.0) -> 0 | L3: =IFERROR(__xludf.DUMMYFUNCTION("""COMPUTED_VALUE"""),0.0) -> 0 | M3: =IFERROR(__xludf.DUMMYFUNCTION("""COMPUTED_VALUE"""),0.0) -> 0 | N3: =IFERROR(__xludf.DUMMYFUNCTION("""COMPUTED_VALUE"""),0.0) -> 0 | O3: =IFERROR(__xludf.DUMMYFUNCTION("""COMPUTED_VALUE"""),0.0) -> 0 | P3: =IFERROR(__xludf.DUMMYFUNCTION("""COMPUTED_VALUE"""),0.0) -> 0 | Q3: =IFERROR(__xludf.DUMMYFUNCTION("""COMPUTED_VALUE"""),"") | R3: =IFERROR(__xludf.DUMMYFUNCTION("""COMPUTED_VALUE"""),"") | S3: =IFERROR(__xludf.DUMMYFUNCTION("""COMPUTED_VALUE"""),"") | T3: =IFERROR(__xludf.DUMMYFUNCTION("""COMPUTED_VALUE"""),"") | U3: =IFERROR(__xludf.DUMMYFUNCTION("""COMPUTED_VALUE"""),"") | V3: =IFERROR(__xludf.DUMMYFUNCTION("""COMPUTED_VALUE"""),"") | W3: =IFERROR(__xludf.DUMMYFUNCTION("""COMPUTED_VALUE"""),"") | X3: =IFERROR(__xludf.DUMMYFUNCTION("""COMPUTED_VALUE"""),"") | ... AN3: =IFERROR(__xludf.DUMMYFUNCTION("""COMPUTED_VALUE"""),"")
A4: =IFERROR(__xludf.DUMMYFUNCTION("""COMPUTED_VALUE"""),"MAKARORO") -> MAKARORO | B4: =IFERROR(__xludf.DUMMYFUNCTION("""COMPUTED_VALUE"""),"PAPUA BARAT") -> PAPUA BARAT | C4: =IFERROR(__xludf.DUMMYFUNCTION("""COMPUTED_VALUE"""),"JS76") -> JS76 | D4: =IFERROR(__xludf.DUMMYFUNCTION("""COMPUTED_VALUE"""),"Talis5 Full") -> Talis5 Full | E4: =IFERROR(__xludf.DUMMYFUNCTION("""COMPUTED_VALUE"""),"15 December 2024") -> 15 December 2024 | F4: =IFERROR(__xludf.DUMMYFUNCTION("""COMPUTED_VALUE"""),"POWER") -> POWER | G4: =IFERROR(__xludf.DUMMYFUNCTION("""COMPUTED_VALUE"""),"SNMP up down") -> SNMP up down | H4: =IFERROR(__xludf.DUMMYFUNCTION("""COMPUTED_VALUE"""),0.7563142857142857) -> 0.75631429 | I4: =IFERROR(__xludf.DUMMYFUNCTION("""COMPUTED_VALUE"""),"") | J4: =IFERROR(__xludf.DUMMYFUNCTION("""COMPUTED_VALUE"""),0.0) -> 0 | K4: =IFERROR(__xludf.DUMMYFUNCTION("""COMPUTED_VALUE"""),0.63798) -> 0.63798 | L4: =IFERROR(__xludf.DUMMYFUNCTION("""COMPUTED_VALUE"""),1.0) -> 1 | M4: =IFERROR(__xludf.DUMMYFUNCTION("""COMPUTED_VALUE"""),0.7569400000000001) -> 0.75694 | N4: =IFERROR(__xludf.DUMMYFUNCTION("""COMPUTED_VALUE"""),0.89928) -> 0.89928 | O4: =IFERROR(__xludf.DUMMYFUNCTION("""COMPUTED_VALUE"""),1.0) -> 1 | P4: =IFERROR(__xludf.DUMMYFUNCTION("""COMPUTED_VALUE"""),1.0) -> 1 | Q4: =IFERROR(__xludf.DUMMYFUNCTION("""COMPUTED_VALUE"""),"") | R4: =IFERROR(__xludf.DUMMYFUNCTION("""COMPUTED_VALUE"""),"") | S4: =IFERROR(__xludf.DUMMYFUNCTION("""COMPUTED_VALUE"""),"") | T4: =IFERROR(__xludf.DUMMYFUNCTION("""COMPUTED_VALUE"""),"") | U4: =IFERROR(__xludf.DUMMYFUNCTION("""COMPUTED_VALUE"""),"") | V4: =IFERROR(__xludf.DUMMYFUNCTION("""COMPUTED_VALUE"""),"") | W4: =IFERROR(__xludf.DUMMYFUNCTION("""COMPUTED_VALUE"""),"") | X4: =IFERROR(__xludf.DUMMYFUNCTION("""COMPUTED_VALUE"""),"") | ... AN4: =IFERROR(__xludf.DUMMYFUNCTION("""COMPUTED_VALUE"""),"")
A5: =IFERROR(__xludf.DUMMYFUNCTION("""COMPUTED_VALUE"""),"SUMANO") -> SUMANO | B5: =IFERROR(__xludf.DUMMYFUNCTION("""COMPUTED_VALUE"""),"PAPUA BARAT") -> PAPUA BARAT | C5: =IFERROR(__xludf.DUMMYFUNCTION("""COMPUTED_VALUE"""),"JS78") -> JS78 | D5: =IFERROR(__xludf.DUMMYFUNCTION("""COMPUTED_VALUE"""),"Talis5 Full") -> Talis5 Full | E5: =IFERROR(__xludf.DUMMYFUNCTION("""COMPUTED_VALUE"""),"17 June 2025") -> 17 June 2025 | G5: =IFERROR(__xludf.DUMMYFUNCTION("""COMPUTED_VALUE"""),"Vsat sudah up ") -> Vsat sudah up | H5: =IFERROR(__xludf.DUMMYFUNCTION("""COMPUTED_VALUE"""),0.9464171428571427) -> 0.94641714 | I5: =IFERROR(__xludf.DUMMYFUNCTION("""COMPUTED_VALUE"""),"") | J5: =IFERROR(__xludf.DUMMYFUNCTION("""COMPUTED_VALUE"""),0.98958) -> 0.98958 | K5: =IFERROR(__xludf.DUMMYFUNCTION("""COMPUTED_VALUE"""),0.9756900000000001) -> 0.97569 | L5: =IFERROR(__xludf.DUMMYFUNCTION("""COMPUTED_VALUE"""),0.95829) -> 0.95829 | M5: =IFERROR(__xludf.DUMMYFUNCTION("""COMPUTED_VALUE"""),0.96527) -> 0.96527 | N5: =IFERROR(__xludf.DUMMYFUNCTION("""COMPUTED_VALUE"""),0.9166599999999999) -> 0.91666 | O5: =IFERROR(__xludf.DUMMYFUNCTION("""COMPUTED_VALUE"""),0.9028) -> 0.9028 | P5: =IFERROR(__xludf.DUMMYFUNCTION("""COMPUTED_VALUE"""),0.91663) -> 0.91663 | Q5: =IFERROR(__xludf.DUMMYFUNCTION("""COMPUTED_VALUE"""),"") | R5: =IFERROR(__xludf.DUMMYFUNCTION("""COMPUTED_VALUE"""),"") | S5: =IFERROR(__xludf.DUMMYFUNCTION("""COMPUTED_VALUE"""),"") | T5: =IFERROR(__xludf.DUMMYFUNCTION("""COMPUTED_VALUE"""),"") | U5: =IFERROR(__xludf.DUMMYFUNCTION("""COMPUTED_VALUE"""),"") | V5: =IFERROR(__xludf.DUMMYFUNCTION("""COMPUTED_VALUE"""),"") | W5: =IFERROR(__xludf.DUMMYFUNCTION("""COMPUTED_VALUE"""),"") | X5: =IFERROR(__xludf.DUMMYFUNCTION("""COMPUTED_VALUE"""),"") | ... AN5: =IFERROR(__xludf.DUMMYFUNCTION("""COMPUTED_VALUE"""),"")
A6: =IFERROR(__xludf.DUMMYFUNCTION("""COMPUTED_VALUE"""),"BEDARE") -> BEDARE | B6: =IFERROR(__xludf.DUMMYFUNCTION("""COMPUTED_VALUE"""),"PAPUA BARAT") -> PAPUA BARAT | C6: =IFERROR(__xludf.DUMMYFUNCTION("""COMPUTED_VALUE"""),"JS82") -> JS82 | D6: =IFERROR(__xludf.DUMMYFUNCTION("""COMPUTED_VALUE"""),"Talis5 Full") -> Talis5 Full | E6: =IFERROR(__xludf.DUMMYFUNCTION("""COMPUTED_VALUE"""),45612.0) -> 45612 | H6: =IFERROR(__xludf.DUMMYFUNCTION("""COMPUTED_VALUE"""),0.9647771428571429) -> 0.96477714 | I6: =IFERROR(__xludf.DUMMYFUNCTION("""COMPUTED_VALUE"""),"") | J6: =IFERROR(__xludf.DUMMYFUNCTION("""COMPUTED_VALUE"""),0.9583400000000001) -> 0.95834 | K6: =IFERROR(__xludf.DUMMYFUNCTION("""COMPUTED_VALUE"""),0.95832) -> 0.95832 | L6: =IFERROR(__xludf.DUMMYFUNCTION("""COMPUTED_VALUE"""),0.96527) -> 0.96527 | M6: =IFERROR(__xludf.DUMMYFUNCTION("""COMPUTED_VALUE"""),0.97222) -> 0.97222 | N6: =IFERROR(__xludf.DUMMYFUNCTION("""COMPUTED_VALUE"""),0.9583400000000001) -> 0.95834 | O6: =IFERROR(__xludf.DUMMYFUNCTION("""COMPUTED_VALUE"""),0.96527) -> 0.96527 | P6: =IFERROR(__xludf.DUMMYFUNCTION("""COMPUTED_VALUE"""),0.97568) -> 0.97568 | Q6: =IFERROR(__xludf.DUMMYFUNCTION("""COMPUTED_VALUE"""),"") | R6: =IFERROR(__xludf.DUMMYFUNCTION("""COMPUTED_VALUE"""),"") | S6: =IFERROR(__xludf.DUMMYFUNCTION("""COMPUTED_VALUE"""),"") | T6: =IFERROR(__xludf.DUMMYFUNCTION("""COMPUTED_VALUE"""),"") | U6: =IFERROR(__xludf.DUMMYFUNCTION("""COMPUTED_VALUE"""),"") | V6: =IFERROR(__xludf.DUMMYFUNCTION("""COMPUTED_VALUE"""),"") | W6: =IFERROR(__xludf.DUMMYFUNCTION("""COMPUTED_VALUE"""),"") | X6: =IFERROR(__xludf.DUMMYFUNCTION("""COMPUTED_VALUE"""),"") | ... AN6: =IFERROR(__xludf.DUMMYFUNCTION("""COMPUTED_VALUE"""),"")
A7: =IFERROR(__xludf.DUMMYFUNCTION("""COMPUTED_VALUE"""),"KLAYILI") -> KLAYILI | B7: =IFERROR(__xludf.DUMMYFUNCTION("""COMPUTED_VALUE"""),"PAPUA BARAT") -> PAPUA BARAT | C7: =IFERROR(__xludf.DUMMYFUNCTION("""COMPUTED_VALUE"""),"JS107") -> JS107 | D7: =IFERROR(__xludf.DUMMYFUNCTION("""COMPUTED_VALUE"""),"Talis5 Full") -> Talis5 Full | E7: =IFERROR(__xludf.DUMMYFUNCTION("""COMPUTED_VALUE"""),45617.0) -> 45617 | G7: =IFERROR(__xludf.DUMMYFUNCTION("""COMPUTED_VALUE"""),"vsat sudah up") -> vsat sudah up | H7: =IFERROR(__xludf.DUMMYFUNCTION("""COMPUTED_VALUE"""),0.9693157142857143) -> 0.96931571 | I7: =IFERROR(__xludf.DUMMYFUNCTION("""COMPUTED_VALUE"""),"") | J7: =IFERROR(__xludf.DUMMYFUNCTION("""COMPUTED_VALUE"""),1.0) -> 1 | K7: =IFERROR(__xludf.DUMMYFUNCTION("""COMPUTED_VALUE"""),1.0) -> 1 | L7: =IFERROR(__xludf.DUMMYFUNCTION("""COMPUTED_VALUE"""),0.78521) -> 0.78521 | M7: =IFERROR(__xludf.DUMMYFUNCTION("""COMPUTED_VALUE"""),1.0) -> 1 | N7: =IFERROR(__xludf.DUMMYFUNCTION("""COMPUTED_VALUE"""),1.0) -> 1 | O7: =IFERROR(__xludf.DUMMYFUNCTION("""COMPUTED_VALUE"""),1.0) -> 1 | P7: =IFERROR(__xludf.DUMMYFUNCTION("""COMPUTED_VALUE"""),1.0) -> 1 | Q7: =IFERROR(__xludf.DUMMYFUNCTION("""COMPUTED_VALUE"""),"") | R7: =IFERROR(__xludf.DUMMYFUNCTION("""COMPUTED_VALUE"""),"") | S7: =IFERROR(__xludf.DUMMYFUNCTION("""COMPUTED_VALUE"""),"") | T7: =IFERROR(__xludf.DUMMYFUNCTION("""COMPUTED_VALUE"""),"") | U7: =IFERROR(__xludf.DUMMYFUNCTION("""COMPUTED_VALUE"""),"") | V7: =IFERROR(__xludf.DUMMYFUNCTION("""COMPUTED_VALUE"""),"") | W7: =IFERROR(__xludf.DUMMYFUNCTION("""COMPUTED_VALUE"""),"") | X7: =IFERROR(__xludf.DUMMYFUNCTION("""COMPUTED_VALUE"""),"") | ... AN7: =IFERROR(__xludf.DUMMYFUNCTION("""COMPUTED_VALUE"""),"")
A8: =IFERROR(__xludf.DUMMYFUNCTION("""COMPUTED_VALUE"""),"SERA") -> SERA | B8: =IFERROR(__xludf.DUMMYFUNCTION("""COMPUTED_VALUE"""),"MALUKU") -> MALUKU | C8: =IFERROR(__xludf.DUMMYFUNCTION("""COMPUTED_VALUE"""),"JS102") -> JS102 | D8: =IFERROR(__xludf.DUMMYFUNCTION("""COMPUTED_VALUE"""),"Talis5 Full") -> Talis5 Full | E8: =IFERROR(__xludf.DUMMYFUNCTION("""COMPUTED_VALUE"""),45616.0) -> 45616 | G8: =IFERROR(__xludf.DUMMYFUNCTION("""COMPUTED_VALUE"""),"SNMP sudah up") -> SNMP sudah up | H8: =IFERROR(__xludf.DUMMYFUNCTION("""COMPUTED_VALUE"""),0.9915657142857144) -> 0.99156571 | I8: =IFERROR(__xludf.DUMMYFUNCTION("""COMPUTED_VALUE"""),"") | J8: =IFERROR(__xludf.DUMMYFUNCTION("""COMPUTED_VALUE"""),1.0) -> 1 | K8: =IFERROR(__xludf.DUMMYFUNCTION("""COMPUTED_VALUE"""),0.99652) -> 0.99652 | L8: =IFERROR(__xludf.DUMMYFUNCTION("""COMPUTED_VALUE"""),1.0) -> 1 | M8: =IFERROR(__xludf.DUMMYFUNCTION("""COMPUTED_VALUE"""),0.9514) -> 0.9514 | N8: =IFERROR(__xludf.DUMMYFUNCTION("""COMPUTED_VALUE"""),0.99652) -> 0.99652 | O8: =IFERROR(__xludf.DUMMYFUNCTION("""COMPUTED_VALUE"""),0.99652) -> 0.99652 | P8: =IFERROR(__xludf.DUMMYFUNCTION("""COMPUTED_VALUE"""),1.0) -> 1 | Q8: =IFERROR(__xludf.DUMMYFUNCTION("""COMPUTED_VALUE"""),"") | R8: =IFERROR(__xludf.DUMMYFUNCTION("""COMPUTED_VALUE"""),"") | S8: =IFERROR(__xludf.DUMMYFUNCTION("""COMPUTED_VALUE"""),"") | T8: =IFERROR(__xludf.DUMMYFUNCTION("""COMPUTED_VALUE"""),"") | U8: =IFERROR(__xludf.DUMMYFUNCTION("""COMPUTED_VALUE"""),"") | V8: =IFERROR(__xludf.DUMMYFUNCTION("""COMPUTED_VALUE"""),"") | W8: =IFERROR(__xludf.DUMMYFUNCTION("""COMPUTED_VALUE"""),"") | X8: =IFERROR(__xludf.DUMMYFUNCTION("""COMPUTED_VALUE"""),"") | ... AN8: =IFERROR(__xludf.DUMMYFUNCTION("""COMPUTED_VALUE"""),"")
A9: =IFERROR(__xludf.DUMMYFUNCTION("""COMPUTED_VALUE"""),"KARUAN") -> KARUAN | B9: =IFERROR(__xludf.DUMMYFUNCTION("""COMPUTED_VALUE"""),"PAPUA BARAT") -> PAPUA BARAT | C9: =IFERROR(__xludf.DUMMYFUNCTION("""COMPUTED_VALUE"""),"JS24") -> JS24 | D9: =IFERROR(__xludf.DUMMYFUNCTION("""COMPUTED_VALUE"""),"Talis5 Full") -> Talis5 Full | E9: =IFERROR(__xludf.DUMMYFUNCTION("""COMPUTED_VALUE"""),"6 sept 2025") -> 6 sept 2025 | G9: =IFERROR(__xludf.DUMMYFUNCTION("""COMPUTED_VALUE"""),"sudah up Done revit Talis5 Full ( tgl 6 sept 2025)") -> sudah up Done revit Talis5 Full ( tgl 6 sept 2025) | H9: =IFERROR(__xludf.DUMMYFUNCTION("""COMPUTED_VALUE"""),0.9955357142857143) -> 0.99553571 | I9: =IFERROR(__xludf.DUMMYFUNCTION("""COMPUTED_VALUE"""),"") | J9: =IFERROR(__xludf.DUMMYFUNCTION("""COMPUTED_VALUE"""),0.96875) -> 0.96875 | K9: =IFERROR(__xludf.DUMMYFUNCTION("""COMPUTED_VALUE"""),1.0) -> 1 | L9: =IFERROR(__xludf.DUMMYFUNCTION("""COMPUTED_VALUE"""),1.0) -> 1 | M9: =IFERROR(__xludf.DUMMYFUNCTION("""COMPUTED_VALUE"""),1.0) -> 1 | N9: =IFERROR(__xludf.DUMMYFUNCTION("""COMPUTED_VALUE"""),1.0) -> 1 | O9: =IFERROR(__xludf.DUMMYFUNCTION("""COMPUTED_VALUE"""),1.0) -> 1 | P9: =IFERROR(__xludf.DUMMYFUNCTION("""COMPUTED_VALUE"""),1.0) -> 1 | Q9: =IFERROR(__xludf.DUMMYFUNCTION("""COMPUTED_VALUE"""),"") | R9: =IFERROR(__xludf.DUMMYFUNCTION("""COMPUTED_VALUE"""),"") | S9: =IFERROR(__xludf.DUMMYFUNCTION("""COMPUTED_VALUE"""),"") | T9: =IFERROR(__xludf.DUMMYFUNCTION("""COMPUTED_VALUE"""),"") | U9: =IFERROR(__xludf.DUMMYFUNCTION("""COMPUTED_VALUE"""),"") | V9: =IFERROR(__xludf.DUMMYFUNCTION("""COMPUTED_VALUE"""),"") | W9: =IFERROR(__xludf.DUMMYFUNCTION("""COMPUTED_VALUE"""),"") | X9: =IFERROR(__xludf.DUMMYFUNCTION("""COMPUTED_VALUE"""),"") | ... AN9: =IFERROR(__xludf.DUMMYFUNCTION("""COMPUTED_VALUE"""),"")
A10: =IFERROR(__xludf.DUMMYFUNCTION("""COMPUTED_VALUE"""),"KOBROR") -> KOBROR | B10: =IFERROR(__xludf.DUMMYFUNCTION("""COMPUTED_VALUE"""),"MALUKU") -> MALUKU | C10: =IFERROR(__xludf.DUMMYFUNCTION("""COMPUTED_VALUE"""),"JS33") -> JS33 | D10: =IFERROR(__xludf.DUMMYFUNCTION("""COMPUTED_VALUE"""),"Talis5 Full") -> Talis5 Full | E10: =IFERROR(__xludf.DUMMYFUNCTION("""COMPUTED_VALUE"""),45936.0) -> 45936 | G10: =IFERROR(__xludf.DUMMYFUNCTION("""COMPUTED_VALUE"""),"Done revit tgl 6/10/25") -> Done revit tgl 6/10/25 | H10: =IFERROR(__xludf.DUMMYFUNCTION("""COMPUTED_VALUE"""),0.9980171428571428) -> 0.99801714 | I10: =IFERROR(__xludf.DUMMYFUNCTION("""COMPUTED_VALUE"""),"") | J10: =IFERROR(__xludf.DUMMYFUNCTION("""COMPUTED_VALUE"""),1.0) -> 1 | K10: =IFERROR(__xludf.DUMMYFUNCTION("""COMPUTED_VALUE"""),1.0) -> 1 | L10: =IFERROR(__xludf.DUMMYFUNCTION("""COMPUTED_VALUE"""),0.98612) -> 0.98612 | M10: =IFERROR(__xludf.DUMMYFUNCTION("""COMPUTED_VALUE"""),1.0) -> 1 | N10: =IFERROR(__xludf.DUMMYFUNCTION("""COMPUTED_VALUE"""),1.0) -> 1 | O10: =IFERROR(__xludf.DUMMYFUNCTION("""COMPUTED_VALUE"""),1.0) -> 1 | P10: =IFERROR(__xludf.DUMMYFUNCTION("""COMPUTED_VALUE"""),1.0) -> 1 | Q10: =IFERROR(__xludf.DUMMYFUNCTION("""COMPUTED_VALUE"""),"") | R10: =IFERROR(__xludf.DUMMYFUNCTION("""COMPUTED_VALUE"""),"") | S10: =IFERROR(__xludf.DUMMYFUNCTION("""COMPUTED_VALUE"""),"") | T10: =IFERROR(__xludf.DUMMYFUNCTION("""COMPUTED_VALUE"""),"") | U10: =IFERROR(__xludf.DUMMYFUNCTION("""COMPUTED_VALUE"""),"") | V10: =IFERROR(__xludf.DUMMYFUNCTION("""COMPUTED_VALUE"""),"") | W10: =IFERROR(__xludf.DUMMYFUNCTION("""COMPUTED_VALUE"""),"") | X10: =IFERROR(__xludf.DUMMYFUNCTION("""COMPUTED_VALUE"""),"") | ... AN10: =IFERROR(__xludf.DUMMYFUNCTION("""COMPUTED_VALUE"""),"")
A11: =IFERROR(__xludf.DUMMYFUNCTION("""COMPUTED_VALUE"""),"TOSOA") -> TOSOA | B11: =IFERROR(__xludf.DUMMYFUNCTION("""COMPUTED_VALUE"""),"MALUKU UTARA") -> MALUKU UTARA | C11: =IFERROR(__xludf.DUMMYFUNCTION("""COMPUTED_VALUE"""),"JS122") -> JS122 | D11: =IFERROR(__xludf.DUMMYFUNCTION("""COMPUTED_VALUE"""),"Talis5 Full") -> Talis5 Full | E11: =IFERROR(__xludf.DUMMYFUNCTION("""COMPUTED_VALUE"""),"19 October 2024") -> 19 October 2024 | G11: =IFERROR(__xludf.DUMMYFUNCTION("""COMPUTED_VALUE"""),"VSAT sudah up") -> VSAT sudah up | H11: =IFERROR(__xludf.DUMMYFUNCTION("""COMPUTED_VALUE"""),0.9982614285714285) -> 0.99826143 | I11: =IFERROR(__xludf.DUMMYFUNCTION("""COMPUTED_VALUE"""),"") | J11: =IFERROR(__xludf.DUMMYFUNCTION("""COMPUTED_VALUE"""),1.0) -> 1 | K11: =IFERROR(__xludf.DUMMYFUNCTION("""COMPUTED_VALUE"""),0.9982500000000001) -> 0.99825 | L11: =IFERROR(__xludf.DUMMYFUNCTION("""COMPUTED_VALUE"""),1.0) -> 1 | M11: =IFERROR(__xludf.DUMMYFUNCTION("""COMPUTED_VALUE"""),1.0) -> 1 | N11: =IFERROR(__xludf.DUMMYFUNCTION("""COMPUTED_VALUE"""),0.98958) -> 0.98958 | O11: =IFERROR(__xludf.DUMMYFUNCTION("""COMPUTED_VALUE"""),1.0) -> 1 | P11: =IFERROR(__xludf.DUMMYFUNCTION("""COMPUTED_VALUE"""),1.0) -> 1 | Q11: =IFERROR(__xludf.DUMMYFUNCTION("""COMPUTED_VALUE"""),"") | R11: =IFERROR(__xludf.DUMMYFUNCTION("""COMPUTED_VALUE"""),"") | S11: =IFERROR(__xludf.DUMMYFUNCTION("""COMPUTED_VALUE"""),"") | T11: =IFERROR(__xludf.DUMMYFUNCTION("""COMPUTED_VALUE"""),"") | U11: =IFERROR(__xludf.DUMMYFUNCTION("""COMPUTED_VALUE"""),"") | V11: =IFERROR(__xludf.DUMMYFUNCTION("""COMPUTED_VALUE"""),"") | W11: =IFERROR(__xludf.DUMMYFUNCTION("""COMPUTED_VALUE"""),"") | X11: =IFERROR(__xludf.DUMMYFUNCTION("""COMPUTED_VALUE"""),"") | ... AN11: =IFERROR(__xludf.DUMMYFUNCTION("""COMPUTED_VALUE"""),"")
A12: =IFERROR(__xludf.DUMMYFUNCTION("""COMPUTED_VALUE"""),"ISENEBUAI") -> ISENEBUAI | B12: =IFERROR(__xludf.DUMMYFUNCTION("""COMPUTED_VALUE"""),"PAPUA BARAT") -> PAPUA BARAT | C12: =IFERROR(__xludf.DUMMYFUNCTION("""COMPUTED_VALUE"""),"JS31") -> JS31 | D12: =IFERROR(__xludf.DUMMYFUNCTION("""COMPUTED_VALUE"""),"Talis5 Full") -> Talis5 Full | E12: =IFERROR(__xludf.DUMMYFUNCTION("""COMPUTED_VALUE"""),45626.0) -> 45626 | G12: =IFERROR(__xludf.DUMMYFUNCTION("""COMPUTED_VALUE"""),"SNMP sudah up (Done replace ehub)") -> SNMP sudah up (Done replace ehub) | H12: =IFERROR(__xludf.DUMMYFUNCTION("""COMPUTED_VALUE"""),0.9990042857142857) -> 0.99900429 | I12: =IFERROR(__xludf.DUMMYFUNCTION("""COMPUTED_VALUE"""),"") | J12: =IFERROR(__xludf.DUMMYFUNCTION("""COMPUTED_VALUE"""),1.0) -> 1 | K12: =IFERROR(__xludf.DUMMYFUNCTION("""COMPUTED_VALUE"""),1.0) -> 1 | L12: =IFERROR(__xludf.DUMMYFUNCTION("""COMPUTED_VALUE"""),0.99651) -> 0.99651 | M12: =IFERROR(__xludf.DUMMYFUNCTION("""COMPUTED_VALUE"""),1.0) -> 1 | N12: =IFERROR(__xludf.DUMMYFUNCTION("""COMPUTED_VALUE"""),1.0) -> 1 | O12: =IFERROR(__xludf.DUMMYFUNCTION("""COMPUTED_VALUE"""),1.0) -> 1 | P12: =IFERROR(__xludf.DUMMYFUNCTION("""COMPUTED_VALUE"""),0.99652) -> 0.99652 | Q12: =IFERROR(__xludf.DUMMYFUNCTION("""COMPUTED_VALUE"""),"") | R12: =IFERROR(__xludf.DUMMYFUNCTION("""COMPUTED_VALUE"""),"") | S12: =IFERROR(__xludf.DUMMYFUNCTION("""COMPUTED_VALUE"""),"") | T12: =IFERROR(__xludf.DUMMYFUNCTION("""COMPUTED_VALUE"""),"") | U12: =IFERROR(__xludf.DUMMYFUNCTION("""COMPUTED_VALUE"""),"") | V12: =IFERROR(__xludf.DUMMYFUNCTION("""COMPUTED_VALUE"""),"") | W12: =IFERROR(__xludf.DUMMYFUNCTION("""COMPUTED_VALUE"""),"") | X12: =IFERROR(__xludf.DUMMYFUNCTION("""COMPUTED_VALUE"""),"") | ... AN12: =IFERROR(__xludf.DUMMYFUNCTION("""COMPUTED_VALUE"""),"")
A13: =IFERROR(__xludf.DUMMYFUNCTION("""COMPUTED_VALUE"""),"ILILI") -> ILILI | B13: =IFERROR(__xludf.DUMMYFUNCTION("""COMPUTED_VALUE"""),"MALUKU") -> MALUKU | C13: =IFERROR(__xludf.DUMMYFUNCTION("""COMPUTED_VALUE"""),"JS106") -> JS106 | D13: =IFERROR(__xludf.DUMMYFUNCTION("""COMPUTED_VALUE"""),"Talis5 Full") -> Talis5 Full | E13: =IFERROR(__xludf.DUMMYFUNCTION("""COMPUTED_VALUE"""),"14 December 2024") -> 14 December 2024 | G13: =IFERROR(__xludf.DUMMYFUNCTION("""COMPUTED_VALUE"""),"SNMP sudah up ( Done replace)") -> SNMP sudah up ( Done replace) | H13: =IFERROR(__xludf.DUMMYFUNCTION("""COMPUTED_VALUE"""),0.9995014285714285) -> 0.99950143 | I13: =IFERROR(__xludf.DUMMYFUNCTION("""COMPUTED_VALUE"""),"") | J13: =IFERROR(__xludf.DUMMYFUNCTION("""COMPUTED_VALUE"""),1.0) -> 1 | K13: =IFERROR(__xludf.DUMMYFUNCTION("""COMPUTED_VALUE"""),1.0) -> 1 | L13: =IFERROR(__xludf.DUMMYFUNCTION("""COMPUTED_VALUE"""),0.99651) -> 0.99651 | M13: =IFERROR(__xludf.DUMMYFUNCTION("""COMPUTED_VALUE"""),1.0) -> 1 | N13: =IFERROR(__xludf.DUMMYFUNCTION("""COMPUTED_VALUE"""),1.0) -> 1 | O13: =IFERROR(__xludf.DUMMYFUNCTION("""COMPUTED_VALUE"""),1.0) -> 1 | P13: =IFERROR(__xludf.DUMMYFUNCTION("""COMPUTED_VALUE"""),1.0) -> 1 | Q13: =IFERROR(__xludf.DUMMYFUNCTION("""COMPUTED_VALUE"""),"") | R13: =IFERROR(__xludf.DUMMYFUNCTION("""COMPUTED_VALUE"""),"") | S13: =IFERROR(__xludf.DUMMYFUNCTION("""COMPUTED_VALUE"""),"") | T13: =IFERROR(__xludf.DUMMYFUNCTION("""COMPUTED_VALUE"""),"") | U13: =IFERROR(__xludf.DUMMYFUNCTION("""COMPUTED_VALUE"""),"") | V13: =IFERROR(__xludf.DUMMYFUNCTION("""COMPUTED_VALUE"""),"") | W13: =IFERROR(__xludf.DUMMYFUNCTION("""COMPUTED_VALUE"""),"") | X13: =IFERROR(__xludf.DUMMYFUNCTION("""COMPUTED_VALUE"""),"") | ... AN13: =IFERROR(__xludf.DUMMYFUNCTION("""COMPUTED_VALUE"""),"")
A14: =IFERROR(__xludf.DUMMYFUNCTION("""COMPUTED_VALUE"""),"NIAP") -> NIAP | B14: =IFERROR(__xludf.DUMMYFUNCTION("""COMPUTED_VALUE"""),"PAPUA BARAT") -> PAPUA BARAT | C14: =IFERROR(__xludf.DUMMYFUNCTION("""COMPUTED_VALUE"""),"JS26") -> JS26 | D14: =IFERROR(__xludf.DUMMYFUNCTION("""COMPUTED_VALUE"""),"Talis5 Full") -> Talis5 Full | E14: =IFERROR(__xludf.DUMMYFUNCTION("""COMPUTED_VALUE"""),"04 August 2025") -> 04 August 2025 | G14: =IFERROR(__xludf.DUMMYFUNCTION("""COMPUTED_VALUE"""),"SNMP sudah UP") -> SNMP sudah UP | H14: =IFERROR(__xludf.DUMMYFUNCTION("""COMPUTED_VALUE"""),1.0) -> 1 | I14: =IFERROR(__xludf.DUMMYFUNCTION("""COMPUTED_VALUE"""),"") | J14: =IFERROR(__xludf.DUMMYFUNCTION("""COMPUTED_VALUE"""),1.0) -> 1 | K14: =IFERROR(__xludf.DUMMYFUNCTION("""COMPUTED_VALUE"""),1.0) -> 1 | L14: =IFERROR(__xludf.DUMMYFUNCTION("""COMPUTED_VALUE"""),1.0) -> 1 | M14: =IFERROR(__xludf.DUMMYFUNCTION("""COMPUTED_VALUE"""),1.0) -> 1 | N14: =IFERROR(__xludf.DUMMYFUNCTION("""COMPUTED_VALUE"""),1.0) -> 1 | O14: =IFERROR(__xludf.DUMMYFUNCTION("""COMPUTED_VALUE"""),1.0) -> 1 | P14: =IFERROR(__xludf.DUMMYFUNCTION("""COMPUTED_VALUE"""),1.0) -> 1 | Q14: =IFERROR(__xludf.DUMMYFUNCTION("""COMPUTED_VALUE"""),"") | R14: =IFERROR(__xludf.DUMMYFUNCTION("""COMPUTED_VALUE"""),"") | S14: =IFERROR(__xludf.DUMMYFUNCTION("""COMPUTED_VALUE"""),"") | T14: =IFERROR(__xludf.DUMMYFUNCTION("""COMPUTED_VALUE"""),"") | U14: =IFERROR(__xludf.DUMMYFUNCTION("""COMPUTED_VALUE"""),"") | V14: =IFERROR(__xludf.DUMMYFUNCTION("""COMPUTED_VALUE"""),"") | W14: =IFERROR(__xludf.DUMMYFUNCTION("""COMPUTED_VALUE"""),"") | X14: =IFERROR(__xludf.DUMMYFUNCTION("""COMPUTED_VALUE"""),"") | ... AN14: =IFERROR(__xludf.DUMMYFUNCTION("""COMPUTED_VALUE"""),"")
A15: =IFERROR(__xludf.DUMMYFUNCTION("""COMPUTED_VALUE"""),"SOROWAN") -> SOROWAN | B15: =IFERROR(__xludf.DUMMYFUNCTION("""COMPUTED_VALUE"""),"PAPUA BARAT") -> PAPUA BARAT | C15: =IFERROR(__xludf.DUMMYFUNCTION("""COMPUTED_VALUE"""),"JS89") -> JS89 | D15: =IFERROR(__xludf.DUMMYFUNCTION("""COMPUTED_VALUE"""),"Talis5 Full") -> Talis5 Full | E15: =IFERROR(__xludf.DUMMYFUNCTION("""COMPUTED_VALUE"""),"14 December 2024") -> 14 December 2024 | H15: =IFERROR(__xludf.DUMMYFUNCTION("""COMPUTED_VALUE"""),1.0) -> 1 | I15: =IFERROR(__xludf.DUMMYFUNCTION("""COMPUTED_VALUE"""),"") | J15: =IFERROR(__xludf.DUMMYFUNCTION("""COMPUTED_VALUE"""),1.0) -> 1 | K15: =IFERROR(__xludf.DUMMYFUNCTION("""COMPUTED_VALUE"""),1.0) -> 1 | L15: =IFERROR(__xludf.DUMMYFUNCTION("""COMPUTED_VALUE"""),1.0) -> 1 | M15: =IFERROR(__xludf.DUMMYFUNCTION("""COMPUTED_VALUE"""),1.0) -> 1 | N15: =IFERROR(__xludf.DUMMYFUNCTION("""COMPUTED_VALUE"""),1.0) -> 1 | O15: =IFERROR(__xludf.DUMMYFUNCTION("""COMPUTED_VALUE"""),1.0) -> 1 | P15: =IFERROR(__xludf.DUMMYFUNCTION("""COMPUTED_VALUE"""),1.0) -> 1 | Q15: =IFERROR(__xludf.DUMMYFUNCTION("""COMPUTED_VALUE"""),"") | R15: =IFERROR(__xludf.DUMMYFUNCTION("""COMPUTED_VALUE"""),"") | S15: =IFERROR(__xludf.DUMMYFUNCTION("""COMPUTED_VALUE"""),"") | T15: =IFERROR(__xludf.DUMMYFUNCTION("""COMPUTED_VALUE"""),"") | U15: =IFERROR(__xludf.DUMMYFUNCTION("""COMPUTED_VALUE"""),"") | V15: =IFERROR(__xludf.DUMMYFUNCTION("""COMPUTED_VALUE"""),"") | W15: =IFERROR(__xludf.DUMMYFUNCTION("""COMPUTED_VALUE"""),"") | X15: =IFERROR(__xludf.DUMMYFUNCTION("""COMPUTED_VALUE"""),"") | ... AN15: =IFERROR(__xludf.DUMMYFUNCTION("""COMPUTED_VALUE"""),"")
A16: =IFERROR(__xludf.DUMMYFUNCTION("""COMPUTED_VALUE"""),"SAYORI SIKAMA") -> SAYORI SIKAMA | B16: =IFERROR(__xludf.DUMMYFUNCTION("""COMPUTED_VALUE"""),"PAPUA BARAT") -> PAPUA BARAT | C16: =IFERROR(__xludf.DUMMYFUNCTION("""COMPUTED_VALUE"""),"JS23") -> JS23 | D16: =IFERROR(__xludf.DUMMYFUNCTION("""COMPUTED_VALUE"""),"Talis5 Full") -> Talis5 Full | E16: =IFERROR(__xludf.DUMMYFUNCTION("""COMPUTED_VALUE"""),"06 August 2025") -> 06 August 2025 | H16: =IFERROR(__xludf.DUMMYFUNCTION("""COMPUTED_VALUE"""),1.0) -> 1 | I16: =IFERROR(__xludf.DUMMYFUNCTION("""COMPUTED_VALUE"""),"") | J16: =IFERROR(__xludf.DUMMYFUNCTION("""COMPUTED_VALUE"""),1.0) -> 1 | K16: =IFERROR(__xludf.DUMMYFUNCTION("""COMPUTED_VALUE"""),1.0) -> 1 | L16: =IFERROR(__xludf.DUMMYFUNCTION("""COMPUTED_VALUE"""),1.0) -> 1 | M16: =IFERROR(__xludf.DUMMYFUNCTION("""COMPUTED_VALUE"""),1.0) -> 1 | N16: =IFERROR(__xludf.DUMMYFUNCTION("""COMPUTED_VALUE"""),1.0) -> 1 | O16: =IFERROR(__xludf.DUMMYFUNCTION("""COMPUTED_VALUE"""),1.0) -> 1 | P16: =IFERROR(__xludf.DUMMYFUNCTION("""COMPUTED_VALUE"""),1.0) -> 1 | Q16: =IFERROR(__xludf.DUMMYFUNCTION("""COMPUTED_VALUE"""),"") | R16: =IFERROR(__xludf.DUMMYFUNCTION("""COMPUTED_VALUE"""),"") | S16: =IFERROR(__xludf.DUMMYFUNCTION("""COMPUTED_VALUE"""),"") | T16: =IFERROR(__xludf.DUMMYFUNCTION("""COMPUTED_VALUE"""),"") | U16: =IFERROR(__xludf.DUMMYFUNCTION("""COMPUTED_VALUE"""),"") | V16: =IFERROR(__xludf.DUMMYFUNCTION("""COMPUTED_VALUE"""),"") | W16: =IFERROR(__xludf.DUMMYFUNCTION("""COMPUTED_VALUE"""),"") | X16: =IFERROR(__xludf.DUMMYFUNCTION("""COMPUTED_VALUE"""),"") | ... AN16: =IFERROR(__xludf.DUMMYFUNCTION("""COMPUTED_VALUE"""),"")
A17: =IFERROR(__xludf.DUMMYFUNCTION("""COMPUTED_VALUE"""),"NANIMORI") -> NANIMORI | B17: =IFERROR(__xludf.DUMMYFUNCTION("""COMPUTED_VALUE"""),"PAPUA BARAT") -> PAPUA BARAT | C17: =IFERROR(__xludf.DUMMYFUNCTION("""COMPUTED_VALUE"""),"JS11") -> JS11 | D17: =IFERROR(__xludf.DUMMYFUNCTION("""COMPUTED_VALUE"""),"Talis5 Full") -> Talis5 Full | E17: =IFERROR(__xludf.DUMMYFUNCTION("""COMPUTED_VALUE"""),"10 August 2025") -> 10 August 2025 | H17: =IFERROR(__xludf.DUMMYFUNCTION("""COMPUTED_VALUE"""),1.0) -> 1 | I17: =IFERROR(__xludf.DUMMYFUNCTION("""COMPUTED_VALUE"""),"") | J17: =IFERROR(__xludf.DUMMYFUNCTION("""COMPUTED_VALUE"""),1.0) -> 1 | K17: =IFERROR(__xludf.DUMMYFUNCTION("""COMPUTED_VALUE"""),1.0) -> 1 | L17: =IFERROR(__xludf.DUMMYFUNCTION("""COMPUTED_VALUE"""),1.0) -> 1 | M17: =IFERROR(__xludf.DUMMYFUNCTION("""COMPUTED_VALUE"""),1.0) -> 1 | N17: =IFERROR(__xludf.DUMMYFUNCTION("""COMPUTED_VALUE"""),1.0) -> 1 | O17: =IFERROR(__xludf.DUMMYFUNCTION("""COMPUTED_VALUE"""),1.0) -> 1 | P17: =IFERROR(__xludf.DUMMYFUNCTION("""COMPUTED_VALUE"""),1.0) -> 1 | Q17: =IFERROR(__xludf.DUMMYFUNCTION("""COMPUTED_VALUE"""),"") | R17: =IFERROR(__xludf.DUMMYFUNCTION("""COMPUTED_VALUE"""),"") | S17: =IFERROR(__xludf.DUMMYFUNCTION("""COMPUTED_VALUE"""),"") | T17: =IFERROR(__xludf.DUMMYFUNCTION("""COMPUTED_VALUE"""),"") | U17: =IFERROR(__xludf.DUMMYFUNCTION("""COMPUTED_VALUE"""),"") | V17: =IFERROR(__xludf.DUMMYFUNCTION("""COMPUTED_VALUE"""),"") | W17: =IFERROR(__xludf.DUMMYFUNCTION("""COMPUTED_VALUE"""),"") | X17: =IFERROR(__xludf.DUMMYFUNCTION("""COMPUTED_VALUE"""),"") | ... AN17: =IFERROR(__xludf.DUMMYFUNCTION("""COMPUTED_VALUE"""),"")
A18: =IFERROR(__xludf.DUMMYFUNCTION("""COMPUTED_VALUE"""),"KAINARA") -> KAINARA | B18: =IFERROR(__xludf.DUMMYFUNCTION("""COMPUTED_VALUE"""),"MALUKU") -> MALUKU | C18: =IFERROR(__xludf.DUMMYFUNCTION("""COMPUTED_VALUE"""),"JS22") -> JS22 | D18: =IFERROR(__xludf.DUMMYFUNCTION("""COMPUTED_VALUE"""),"Talis5 Full") -> Talis5 Full | E18: =IFERROR(__xludf.DUMMYFUNCTION("""COMPUTED_VALUE"""),45609.0) -> 45609 | H18: =IFERROR(__xludf.DUMMYFUNCTION("""COMPUTED_VALUE"""),1.0) -> 1 | I18: =IFERROR(__xludf.DUMMYFUNCTION("""COMPUTED_VALUE"""),"") | J18: =IFERROR(__xludf.DUMMYFUNCTION("""COMPUTED_VALUE"""),1.0) -> 1 | K18: =IFERROR(__xludf.DUMMYFUNCTION("""COMPUTED_VALUE"""),1.0) -> 1 | L18: =IFERROR(__xludf.DUMMYFUNCTION("""COMPUTED_VALUE"""),1.0) -> 1 | M18: =IFERROR(__xludf.DUMMYFUNCTION("""COMPUTED_VALUE"""),1.0) -> 1 | N18: =IFERROR(__xludf.DUMMYFUNCTION("""COMPUTED_VALUE"""),1.0) -> 1 | O18: =IFERROR(__xludf.DUMMYFUNCTION("""COMPUTED_VALUE"""),1.0) -> 1 | P18: =IFERROR(__xludf.DUMMYFUNCTION("""COMPUTED_VALUE"""),1.0) -> 1 | Q18: =IFERROR(__xludf.DUMMYFUNCTION("""COMPUTED_VALUE"""),"") | R18: =IFERROR(__xludf.DUMMYFUNCTION("""COMPUTED_VALUE"""),"") | S18: =IFERROR(__xludf.DUMMYFUNCTION("""COMPUTED_VALUE"""),"") | T18: =IFERROR(__xludf.DUMMYFUNCTION("""COMPUTED_VALUE"""),"") | U18: =IFERROR(__xludf.DUMMYFUNCTION("""COMPUTED_VALUE"""),"") | V18: =IFERROR(__xludf.DUMMYFUNCTION("""COMPUTED_VALUE"""),"") | W18: =IFERROR(__xludf.DUMMYFUNCTION("""COMPUTED_VALUE"""),"") | X18: =IFERROR(__xludf.DUMMYFUNCTION("""COMPUTED_VALUE"""),"") | ... AN18: =IFERROR(__xludf.DUMMYFUNCTION("""COMPUTED_VALUE"""),"")
A19: =IFERROR(__xludf.DUMMYFUNCTION("""COMPUTED_VALUE"""),"SARIAI") -> SARIAI | B19: =IFERROR(__xludf.DUMMYFUNCTION("""COMPUTED_VALUE"""),"PAPUA BARAT") -> PAPUA BARAT | C19: =IFERROR(__xludf.DUMMYFUNCTION("""COMPUTED_VALUE"""),"JS29") -> JS29 | D19: =IFERROR(__xludf.DUMMYFUNCTION("""COMPUTED_VALUE"""),"Talis5 Full") -> Talis5 Full | E19: =IFERROR(__xludf.DUMMYFUNCTION("""COMPUTED_VALUE"""),45625.0) -> 45625 | H19: =IFERROR(__xludf.DUMMYFUNCTION("""COMPUTED_VALUE"""),1.0) -> 1 | I19: =IFERROR(__xludf.DUMMYFUNCTION("""COMPUTED_VALUE"""),"") | J19: =IFERROR(__xludf.DUMMYFUNCTION("""COMPUTED_VALUE"""),1.0) -> 1 | K19: =IFERROR(__xludf.DUMMYFUNCTION("""COMPUTED_VALUE"""),1.0) -> 1 | L19: =IFERROR(__xludf.DUMMYFUNCTION("""COMPUTED_VALUE"""),1.0) -> 1 | M19: =IFERROR(__xludf.DUMMYFUNCTION("""COMPUTED_VALUE"""),1.0) -> 1 | N19: =IFERROR(__xludf.DUMMYFUNCTION("""COMPUTED_VALUE"""),1.0) -> 1 | O19: =IFERROR(__xludf.DUMMYFUNCTION("""COMPUTED_VALUE"""),1.0) -> 1 | P19: =IFERROR(__xludf.DUMMYFUNCTION("""COMPUTED_VALUE"""),1.0) -> 1 | Q19: =IFERROR(__xludf.DUMMYFUNCTION("""COMPUTED_VALUE"""),"") | R19: =IFERROR(__xludf.DUMMYFUNCTION("""COMPUTED_VALUE"""),"") | S19: =IFERROR(__xludf.DUMMYFUNCTION("""COMPUTED_VALUE"""),"") | T19: =IFERROR(__xludf.DUMMYFUNCTION("""COMPUTED_VALUE"""),"") | U19: =IFERROR(__xludf.DUMMYFUNCTION("""COMPUTED_VALUE"""),"") | V19: =IFERROR(__xludf.DUMMYFUNCTION("""COMPUTED_VALUE"""),"") | W19: =IFERROR(__xludf.DUMMYFUNCTION("""COMPUTED_VALUE"""),"") | X19: =IFERROR(__xludf.DUMMYFUNCTION("""COMPUTED_VALUE"""),"") | ... AN19: =IFERROR(__xludf.DUMMYFUNCTION("""COMPUTED_VALUE"""),"")
A20: =IFERROR(__xludf.DUMMYFUNCTION("""COMPUTED_VALUE"""),"SANDEI") -> SANDEI | B20: =IFERROR(__xludf.DUMMYFUNCTION("""COMPUTED_VALUE"""),"PAPUA BARAT") -> PAPUA BARAT | C20: =IFERROR(__xludf.DUMMYFUNCTION("""COMPUTED_VALUE"""),"JS39") -> JS39 | D20: =IFERROR(__xludf.DUMMYFUNCTION("""COMPUTED_VALUE"""),"Talis5 Full") -> Talis5 Full | E20: =IFERROR(__xludf.DUMMYFUNCTION("""COMPUTED_VALUE"""),45615.0) -> 45615 | H20: =IFERROR(__xludf.DUMMYFUNCTION("""COMPUTED_VALUE"""),1.0) -> 1 | I20: =IFERROR(__xludf.DUMMYFUNCTION("""COMPUTED_VALUE"""),"") | J20: =IFERROR(__xludf.DUMMYFUNCTION("""COMPUTED_VALUE"""),1.0) -> 1 | K20: =IFERROR(__xludf.DUMMYFUNCTION("""COMPUTED_VALUE"""),1.0) -> 1 | L20: =IFERROR(__xludf.DUMMYFUNCTION("""COMPUTED_VALUE"""),1.0) -> 1 | M20: =IFERROR(__xludf.DUMMYFUNCTION("""COMPUTED_VALUE"""),1.0) -> 1 | N20: =IFERROR(__xludf.DUMMYFUNCTION("""COMPUTED_VALUE"""),1.0) -> 1 | O20: =IFERROR(__xludf.DUMMYFUNCTION("""COMPUTED_VALUE"""),1.0) -> 1 | P20: =IFERROR(__xludf.DUMMYFUNCTION("""COMPUTED_VALUE"""),1.0) -> 1 | Q20: =IFERROR(__xludf.DUMMYFUNCTION("""COMPUTED_VALUE"""),"") | R20: =IFERROR(__xludf.DUMMYFUNCTION("""COMPUTED_VALUE"""),"") | S20: =IFERROR(__xludf.DUMMYFUNCTION("""COMPUTED_VALUE"""),"") | T20: =IFERROR(__xludf.DUMMYFUNCTION("""COMPUTED_VALUE"""),"") | U20: =IFERROR(__xludf.DUMMYFUNCTION("""COMPUTED_VALUE"""),"") | V20: =IFERROR(__xludf.DUMMYFUNCTION("""COMPUTED_VALUE"""),"") | W20: =IFERROR(__xludf.DUMMYFUNCTION("""COMPUTED_VALUE"""),"") | X20: =IFERROR(__xludf.DUMMYFUNCTION("""COMPUTED_VALUE"""),"") | ... AN20: =IFERROR(__xludf.DUMMYFUNCTION("""COMPUTED_VALUE"""),"")
A21: =IFERROR(__xludf.DUMMYFUNCTION("""COMPUTED_VALUE"""),"TOMARA") -> TOMARA | B21: =IFERROR(__xludf.DUMMYFUNCTION("""COMPUTED_VALUE"""),"MALUKU UTARA") -> MALUKU UTARA | C21: =IFERROR(__xludf.DUMMYFUNCTION("""COMPUTED_VALUE"""),"JS05") -> JS05 | D21: =IFERROR(__xludf.DUMMYFUNCTION("""COMPUTED_VALUE"""),"Talis5 Full") -> Talis5 Full | E21: =IFERROR(__xludf.DUMMYFUNCTION("""COMPUTED_VALUE"""),"24 December 2024") -> 24 December 2024 | H21: =IFERROR(__xludf.DUMMYFUNCTION("""COMPUTED_VALUE"""),1.0) -> 1 | I21: =IFERROR(__xludf.DUMMYFUNCTION("""COMPUTED_VALUE"""),"") | J21: =IFERROR(__xludf.DUMMYFUNCTION("""COMPUTED_VALUE"""),1.0) -> 1 | K21: =IFERROR(__xludf.DUMMYFUNCTION("""COMPUTED_VALUE"""),1.0) -> 1 | L21: =IFERROR(__xludf.DUMMYFUNCTION("""COMPUTED_VALUE"""),1.0) -> 1 | M21: =IFERROR(__xludf.DUMMYFUNCTION("""COMPUTED_VALUE"""),1.0) -> 1 | N21: =IFERROR(__xludf.DUMMYFUNCTION("""COMPUTED_VALUE"""),1.0) -> 1 | O21: =IFERROR(__xludf.DUMMYFUNCTION("""COMPUTED_VALUE"""),1.0) -> 1 | P21: =IFERROR(__xludf.DUMMYFUNCTION("""COMPUTED_VALUE"""),1.0) -> 1 | Q21: =IFERROR(__xludf.DUMMYFUNCTION("""COMPUTED_VALUE"""),"") | R21: =IFERROR(__xludf.DUMMYFUNCTION("""COMPUTED_VALUE"""),"") | S21: =IFERROR(__xludf.DUMMYFUNCTION("""COMPUTED_VALUE"""),"") | T21: =IFERROR(__xludf.DUMMYFUNCTION("""COMPUTED_VALUE"""),"") | U21: =IFERROR(__xludf.DUMMYFUNCTION("""COMPUTED_VALUE"""),"") | V21: =IFERROR(__xludf.DUMMYFUNCTION("""COMPUTED_VALUE"""),"") | W21: =IFERROR(__xludf.DUMMYFUNCTION("""COMPUTED_VALUE"""),"") | X21: =IFERROR(__xludf.DUMMYFUNCTION("""COMPUTED_VALUE"""),"") | ... AN21: =IFERROR(__xludf.DUMMYFUNCTION("""COMPUTED_VALUE"""),"")

Sheet Talis Mix
A1: =SUBTOTAL(3,A3:A1001) -> 15 | B1: https://docs.google.com/spreadsheets/d/1Dxy1QCrdHtey6bTgAreH_-HSdvsVycgOWj8r7wFE9qo/edit?usp=sharing | F1: =AVERAGE(F3:F1001) -> #DIV/0! | J1: =AVERAGE(J3:J1001) -> 0.78888733 | K1: =AVERAGE(K3:K1001) -> 0.79814667 | L1: =AVERAGE(L3:L1001) -> 0.838722 | M1: =AVERAGE(M3:M1001) -> 0.83072133 | N1: =AVERAGE(N3:N1001) -> 0.85301 | O1: =AVERAGE(O3:O1001) -> 0.921062 | P1: =AVERAGE(P3:P1001) -> 0.932638 | Q1: =AVERAGE(Q3:Q1001) -> #DIV/0! | ... AN1: =AVERAGE(AN3:AN1001) -> #DIV/0!
A2: NAMA SITE | B2: PROVINSI | C2: KODE SITE | D2: BATERAI TYPE | E2: Done Instal (Talis) | F2: PIC | G2: PROBLEM | H2: SLA AVG | I2: Status | J2: 1 | K2: 2 | L2: 3 | M2: 4 | N2: 5 | O2: 6 | P2: 7 | Q2: 8 | R2: 9 | S2: 10 | T2: 11 | U2: 12 | V2: 13 | W2: 14 | X2: 15 | Y2: 16 | Z2: 17 | AA2: 18 | AB2: 19 | AC2: 20 | AD2: 21 | AE2: 22 | AF2: 23 | AG2: 24 | AH2: 25 | AI2: 26 | AJ2: 27 | AK2: 28 | AL2: 29 | AM2: 30 | AN2: 31
A3: =IFERROR(__xludf.DUMMYFUNCTION("LET( data, IMPORTRANGE(B1, ""SLA!A:An""), filtered, FILTER(data, REGEXMATCH(INDEX(data, 0, 4), ""Talis5 Mix|Migrasi pln"")), SORT(filtered, 8, TRUE) )"),"YABORE") -> YABORE | B3: =IFERROR(__xludf.DUMMYFUNCTION("""COMPUTED_VALUE"""),"PAPUA BARAT") -> PAPUA BARAT | C3: =IFERROR(__xludf.DUMMYFUNCTION("""COMPUTED_VALUE"""),"JS17") -> JS17 | D3: =IFERROR(__xludf.DUMMYFUNCTION("""COMPUTED_VALUE"""),"Talis5 Mix") -> Talis5 Mix | E3: =IFERROR(__xludf.DUMMYFUNCTION("""COMPUTED_VALUE"""),45936.0) -> 45936 | F3: =IFERROR(__xludf.DUMMYFUNCTION("""COMPUTED_VALUE"""),"VSAT") -> VSAT | G3: =IFERROR(__xludf.DUMMYFUNCTION("""COMPUTED_VALUE"""),"VSAT masih down , Done revit tgl 6/10/25") -> VSAT masih down , Done revit tgl 6/10/25 | H3: =IFERROR(__xludf.DUMMYFUNCTION("""COMPUTED_VALUE"""),0.0) -> 0 | I3: =IFERROR(__xludf.DUMMYFUNCTION("""COMPUTED_VALUE"""),"Potensi SP") -> Potensi SP | J3: =IFERROR(__xludf.DUMMYFUNCTION("""COMPUTED_VALUE"""),0.0) -> 0 | K3: =IFERROR(__xludf.DUMMYFUNCTION("""COMPUTED_VALUE"""),0.0) -> 0 | L3: =IFERROR(__xludf.DUMMYFUNCTION("""COMPUTED_VALUE"""),0.0) -> 0 | M3: =IFERROR(__xludf.DUMMYFUNCTION("""COMPUTED_VALUE"""),0.0) -> 0 | N3: =IFERROR(__xludf.DUMMYFUNCTION("""COMPUTED_VALUE"""),0.0) -> 0 | O3: =IFERROR(__xludf.DUMMYFUNCTION("""COMPUTED_VALUE"""),0.0) -> 0 | P3: =IFERROR(__xludf.DUMMYFUNCTION("""COMPUTED_VALUE"""),0.0) -> 0 | Q3: =IFERROR(__xludf.DUMMYFUNCTION("""COMPUTED_VALUE"""),"") | R3: =IFERROR(__xludf.DUMMYFUNCTION("""COMPUTED_VALUE"""),"") | S3: =IFERROR(__xludf.DUMMYFUNCTION("""COMPUTED_VALUE"""),"") | T3: =IFERROR(__xludf.DUMMYFUNCTION("""COMPUTED_VALUE"""),"") | U3: =IFERROR(__xludf.DUMMYFUNCTION("""COMPUTED_VALUE"""),"") | V3: =IFERROR(__xludf.DUMMYFUNCTION("""COMPUTED_VALUE"""),"") | W3: =IFERROR(__xludf.DUMMYFUNCTION("""COMPUTED_VALUE"""),"") | X3: =IFERROR(__xludf.DUMMYFUNCTION("""COMPUTED_VALUE"""),"") | ... AN3: =IFERROR(__xludf.DUMMYFUNCTION("""COMPUTED_VALUE"""),"")
A4: =IFERROR(__xludf.DUMMYFUNCTION("""COMPUTED_VALUE"""),"SUMA TINGGI") -> SUMA TINGGI | B4: =IFERROR(__xludf.DUMMYFUNCTION("""COMPUTED_VALUE"""),"MALUKU UTARA") -> MALUKU UTARA | C4: =IFERROR(__xludf.DUMMYFUNCTION("""COMPUTED_VALUE"""),"JS15") -> JS15 | D4: =IFERROR(__xludf.DUMMYFUNCTION("""COMPUTED_VALUE"""),"Talis5 Mix") -> Talis5 Mix | E4: =IFERROR(__xludf.DUMMYFUNCTION("""COMPUTED_VALUE"""),"29 December 2024") -> 29 December 2024 | F4: =IFERROR(__xludf.DUMMYFUNCTION("""COMPUTED_VALUE"""),"POWER-Tiket") -> POWER-Tiket | G4: =IFERROR(__xludf.DUMMYFUNCTION("""COMPUTED_VALUE"""),"SNMP sudh up done replace Ehub") -> SNMP sudh up done replace Ehub | H4: =IFERROR(__xludf.DUMMYFUNCTION("""COMPUTED_VALUE"""),0.37536) -> 0.37536 | I4: =IFERROR(__xludf.DUMMYFUNCTION("""COMPUTED_VALUE"""),"Potensi SP") -> Potensi SP | J4: =IFERROR(__xludf.DUMMYFUNCTION("""COMPUTED_VALUE"""),0.0) -> 0 | K4: =IFERROR(__xludf.DUMMYFUNCTION("""COMPUTED_VALUE"""),0.0) -> 0 | L4: =IFERROR(__xludf.DUMMYFUNCTION("""COMPUTED_VALUE"""),0.0) -> 0 | M4: =IFERROR(__xludf.DUMMYFUNCTION("""COMPUTED_VALUE"""),0.0) -> 0 | N4: =IFERROR(__xludf.DUMMYFUNCTION("""COMPUTED_VALUE"""),0.6275200000000001) -> 0.62752 | O4: =IFERROR(__xludf.DUMMYFUNCTION("""COMPUTED_VALUE"""),1.0) -> 1 | P4: =IFERROR(__xludf.DUMMYFUNCTION("""COMPUTED_VALUE"""),1.0) -> 1 | Q4: =IFERROR(__xludf.DUMMYFUNCTION("""COMPUTED_VALUE"""),"") | R4: =IFERROR(__xludf.DUMMYFUNCTION("""COMPUTED_VALUE"""),"") | S4: =IFERROR(__xludf.DUMMYFUNCTION("""COMPUTED_VALUE"""),"") | T4: =IFERROR(__xludf.DUMMYFUNCTION("""COMPUTED_VALUE"""),"") | U4: =IFERROR(__xludf.DUMMYFUNCTION("""COMPUTED_VALUE"""),"") | V4: =IFERROR(__xludf.DUMMYFUNCTION("""COMPUTED_VALUE"""),"") | W4: =IFERROR(__xludf.DUMMYFUNCTION("""COMPUTED_VALUE"""),"") | X4: =IFERROR(__xludf.DUMMYFUNCTION("""COMPUTED_VALUE"""),"") | ... AN4: =IFERROR(__xludf.DUMMYFUNCTION("""COMPUTED_VALUE"""),"")
A5: =IFERROR(__xludf.DUMMYFUNCTION("""COMPUTED_VALUE"""),"HUKUKECIL") -> HUKUKECIL | B5: =IFERROR(__xludf.DUMMYFUNCTION("""COMPUTED_VALUE"""),"MALUKU") -> MALUKU | C5: =IFERROR(__xludf.DUMMYFUNCTION("""COMPUTED_VALUE"""),"JS43") -> JS43 | D5: =IFERROR(__xludf.DUMMYFUNCTION("""COMPUTED_VALUE"""),"Talis5 Mix") -> Talis5 Mix | E5: =IFERROR(__xludf.DUMMYFUNCTION("""COMPUTED_VALUE"""),45968.0) -> 45968 | F5: =IFERROR(__xludf.DUMMYFUNCTION("""COMPUTED_VALUE"""),"VSAT") -> VSAT | G5: =IFERROR(__xludf.DUMMYFUNCTION("""COMPUTED_VALUE"""),"vsat sudh up") -> vsat sudh up | H5: =IFERROR(__xludf.DUMMYFUNCTION("""COMPUTED_VALUE"""),0.4545028571428572) -> 0.45450286 | I5: =IFERROR(__xludf.DUMMYFUNCTION("""COMPUTED_VALUE"""),"Potensi SP") -> Potensi SP | J5: =IFERROR(__xludf.DUMMYFUNCTION("""COMPUTED_VALUE"""),0.0) -> 0 | K5: =IFERROR(__xludf.DUMMYFUNCTION("""COMPUTED_VALUE"""),0.0) -> 0 | L5: =IFERROR(__xludf.DUMMYFUNCTION("""COMPUTED_VALUE"""),0.58431) -> 0.58431 | M5: =IFERROR(__xludf.DUMMYFUNCTION("""COMPUTED_VALUE"""),0.47125) -> 0.47125 | N5: =IFERROR(__xludf.DUMMYFUNCTION("""COMPUTED_VALUE"""),0.25791000000000003) -> 0.25791 | O5: =IFERROR(__xludf.DUMMYFUNCTION("""COMPUTED_VALUE"""),0.8680500000000001) -> 0.86805 | P5: =IFERROR(__xludf.DUMMYFUNCTION("""COMPUTED_VALUE"""),1.0) -> 1 | Q5: =IFERROR(__xludf.DUMMYFUNCTION("""COMPUTED_VALUE"""),"") | R5: =IFERROR(__xludf.DUMMYFUNCTION("""COMPUTED_VALUE"""),"") | S5: =IFERROR(__xludf.DUMMYFUNCTION("""COMPUTED_VALUE"""),"") | T5: =IFERROR(__xludf.DUMMYFUNCTION("""COMPUTED_VALUE"""),"") | U5: =IFERROR(__xludf.DUMMYFUNCTION("""COMPUTED_VALUE"""),"") | V5: =IFERROR(__xludf.DUMMYFUNCTION("""COMPUTED_VALUE"""),"") | W5: =IFERROR(__xludf.DUMMYFUNCTION("""COMPUTED_VALUE"""),"") | X5: =IFERROR(__xludf.DUMMYFUNCTION("""COMPUTED_VALUE"""),"") | ... AN5: =IFERROR(__xludf.DUMMYFUNCTION("""COMPUTED_VALUE"""),"")
A6: =IFERROR(__xludf.DUMMYFUNCTION("""COMPUTED_VALUE"""),"MENARBU") -> MENARBU | B6: =IFERROR(__xludf.DUMMYFUNCTION("""COMPUTED_VALUE"""),"PAPUA BARAT") -> PAPUA BARAT | C6: =IFERROR(__xludf.DUMMYFUNCTION("""COMPUTED_VALUE"""),"JS27") -> JS27 | D6: =IFERROR(__xludf.DUMMYFUNCTION("""COMPUTED_VALUE"""),"Talis5 Mix") -> Talis5 Mix | E6: =IFERROR(__xludf.DUMMYFUNCTION("""COMPUTED_VALUE"""),45938.0) -> 45938 | G6: =IFERROR(__xludf.DUMMYFUNCTION("""COMPUTED_VALUE"""),"Vsat up down") -> Vsat up down | H6: =IFERROR(__xludf.DUMMYFUNCTION("""COMPUTED_VALUE"""),0.9637857142857144) -> 0.96378571 | I6: =IFERROR(__xludf.DUMMYFUNCTION("""COMPUTED_VALUE"""),"") | J6: =IFERROR(__xludf.DUMMYFUNCTION("""COMPUTED_VALUE"""),0.8541599999999999) -> 0.85416 | K6: =IFERROR(__xludf.DUMMYFUNCTION("""COMPUTED_VALUE"""),0.9791500000000001) -> 0.97915 | L6: =IFERROR(__xludf.DUMMYFUNCTION("""COMPUTED_VALUE"""),1.0) -> 1 | M6: =IFERROR(__xludf.DUMMYFUNCTION("""COMPUTED_VALUE"""),1.0) -> 1 | N6: =IFERROR(__xludf.DUMMYFUNCTION("""COMPUTED_VALUE"""),0.94098) -> 0.94098 | O6: =IFERROR(__xludf.DUMMYFUNCTION("""COMPUTED_VALUE"""),0.9756900000000001) -> 0.97569 | P6: =IFERROR(__xludf.DUMMYFUNCTION("""COMPUTED_VALUE"""),0.99652) -> 0.99652 | Q6: =IFERROR(__xludf.DUMMYFUNCTION("""COMPUTED_VALUE"""),"") | R6: =IFERROR(__xludf.DUMMYFUNCTION("""COMPUTED_VALUE"""),"") | S6: =IFERROR(__xludf.DUMMYFUNCTION("""COMPUTED_VALUE"""),"") | T6: =IFERROR(__xludf.DUMMYFUNCTION("""COMPUTED_VALUE"""),"") | U6: =IFERROR(__xludf.DUMMYFUNCTION("""COMPUTED_VALUE"""),"") | V6: =IFERROR(__xludf.DUMMYFUNCTION("""COMPUTED_VALUE"""),"") | W6: =IFERROR(__xludf.DUMMYFUNCTION("""COMPUTED_VALUE"""),"") | X6: =IFERROR(__xludf.DUMMYFUNCTION("""COMPUTED_VALUE"""),"") | ... AN6: =IFERROR(__xludf.DUMMYFUNCTION("""COMPUTED_VALUE"""),"")
A7: =IFERROR(__xludf.DUMMYFUNCTION("""COMPUTED_VALUE"""),"MITAK KOLAM") -> MITAK KOLAM | B7: =IFERROR(__xludf.DUMMYFUNCTION("""COMPUTED_VALUE"""),"MALUKU") -> MALUKU | C7: =IFERROR(__xludf.DUMMYFUNCTION("""COMPUTED_VALUE"""),"JS44") -> JS44 | D7: =IFERROR(__xludf.DUMMYFUNCTION("""COMPUTED_VALUE"""),"Talis5 Mix") -> Talis5 Mix | E7: =IFERROR(__xludf.DUMMYFUNCTION("""COMPUTED_VALUE"""),45917.0) -> 45917 | G7: =IFERROR(__xludf.DUMMYFUNCTION("""COMPUTED_VALUE"""),"SOMO POWER Done revit(17 sept 25)") -> SOMO POWER Done revit(17 sept 25) | H7: =IFERROR(__xludf.DUMMYFUNCTION("""COMPUTED_VALUE"""),0.9930500000000001) -> 0.99305 | I7: =IFERROR(__xludf.DUMMYFUNCTION("""COMPUTED_VALUE"""),"") | J7: =IFERROR(__xludf.DUMMYFUNCTION("""COMPUTED_VALUE"""),0.9860899999999999) -> 0.98609 | K7: =IFERROR(__xludf.DUMMYFUNCTION("""COMPUTED_VALUE"""),0.9930500000000001) -> 0.99305 | L7: =IFERROR(__xludf.DUMMYFUNCTION("""COMPUTED_VALUE"""),1.0) -> 1 | M7: =IFERROR(__xludf.DUMMYFUNCTION("""COMPUTED_VALUE"""),1.0) -> 1 | N7: =IFERROR(__xludf.DUMMYFUNCTION("""COMPUTED_VALUE"""),0.98263) -> 0.98263 | O7: =IFERROR(__xludf.DUMMYFUNCTION("""COMPUTED_VALUE"""),0.98958) -> 0.98958 | P7: =IFERROR(__xludf.DUMMYFUNCTION("""COMPUTED_VALUE"""),1.0) -> 1 | Q7: =IFERROR(__xludf.DUMMYFUNCTION("""COMPUTED_VALUE"""),"") | R7: =IFERROR(__xludf.DUMMYFUNCTION("""COMPUTED_VALUE"""),"") | S7: =IFERROR(__xludf.DUMMYFUNCTION("""COMPUTED_VALUE"""),"") | T7: =IFERROR(__xludf.DUMMYFUNCTION("""COMPUTED_VALUE"""),"") | U7: =IFERROR(__xludf.DUMMYFUNCTION("""COMPUTED_VALUE"""),"") | V7: =IFERROR(__xludf.DUMMYFUNCTION("""COMPUTED_VALUE"""),"") | W7: =IFERROR(__xludf.DUMMYFUNCTION("""COMPUTED_VALUE"""),"") | X7: =IFERROR(__xludf.DUMMYFUNCTION("""COMPUTED_VALUE"""),"") | ... AN7: =IFERROR(__xludf.DUMMYFUNCTION("""COMPUTED_VALUE"""),"")
A8: =IFERROR(__xludf.DUMMYFUNCTION("""COMPUTED_VALUE"""),"KAMAR") -> KAMAR | B8: =IFERROR(__xludf.DUMMYFUNCTION("""COMPUTED_VALUE"""),"MALUKU") -> MALUKU | C8: =IFERROR(__xludf.DUMMYFUNCTION("""COMPUTED_VALUE"""),"JS103") -> JS103 | D8: =IFERROR(__xludf.DUMMYFUNCTION("""COMPUTED_VALUE"""),"Talis5 Mix") -> Talis5 Mix | E8: =IFERROR(__xludf.DUMMYFUNCTION("""COMPUTED_VALUE"""),45776.0) -> 45776 | G8: =IFERROR(__xludf.DUMMYFUNCTION("""COMPUTED_VALUE"""),"VSAT SUDAH UP") -> VSAT SUDAH UP | H8: =IFERROR(__xludf.DUMMYFUNCTION("""COMPUTED_VALUE"""),0.99305) -> 0.99305 | I8: =IFERROR(__xludf.DUMMYFUNCTION("""COMPUTED_VALUE"""),"") | J8: =IFERROR(__xludf.DUMMYFUNCTION("""COMPUTED_VALUE"""),0.9930599999999999) -> 0.99306 | K8: =IFERROR(__xludf.DUMMYFUNCTION("""COMPUTED_VALUE"""),1.0) -> 1 | L8: =IFERROR(__xludf.DUMMYFUNCTION("""COMPUTED_VALUE"""),0.99652) -> 0.99652 | M8: =IFERROR(__xludf.DUMMYFUNCTION("""COMPUTED_VALUE"""),0.99652) -> 0.99652 | N8: =IFERROR(__xludf.DUMMYFUNCTION("""COMPUTED_VALUE"""),0.98611) -> 0.98611 | O8: =IFERROR(__xludf.DUMMYFUNCTION("""COMPUTED_VALUE"""),0.9860899999999999) -> 0.98609 | P8: =IFERROR(__xludf.DUMMYFUNCTION("""COMPUTED_VALUE"""),0.9930500000000001) -> 0.99305 | Q8: =IFERROR(__xludf.DUMMYFUNCTION("""COMPUTED_VALUE"""),"") | R8: =IFERROR(__xludf.DUMMYFUNCTION("""COMPUTED_VALUE"""),"") | S8: =IFERROR(__xludf.DUMMYFUNCTION("""COMPUTED_VALUE"""),"") | T8: =IFERROR(__xludf.DUMMYFUNCTION("""COMPUTED_VALUE"""),"") | U8: =IFERROR(__xludf.DUMMYFUNCTION("""COMPUTED_VALUE"""),"") | V8: =IFERROR(__xludf.DUMMYFUNCTION("""COMPUTED_VALUE"""),"") | W8: =IFERROR(__xludf.DUMMYFUNCTION("""COMPUTED_VALUE"""),"") | X8: =IFERROR(__xludf.DUMMYFUNCTION("""COMPUTED_VALUE"""),"") | ... AN8: =IFERROR(__xludf.DUMMYFUNCTION("""COMPUTED_VALUE"""),"")
A9: =IFERROR(__xludf.DUMMYFUNCTION("""COMPUTED_VALUE"""),"SOFYANIN") -> SOFYANIN | B9: =IFERROR(__xludf.DUMMYFUNCTION("""COMPUTED_VALUE"""),"MALUKU") -> MALUKU | C9: =IFERROR(__xludf.DUMMYFUNCTION("""COMPUTED_VALUE"""),"JS48") -> JS48 | D9: =IFERROR(__xludf.DUMMYFUNCTION("""COMPUTED_VALUE"""),"Talis5 Mix") -> Talis5 Mix | E9: =IFERROR(__xludf.DUMMYFUNCTION("""COMPUTED_VALUE"""),"05 December 2024") -> 05 December 2024 | H9: =IFERROR(__xludf.DUMMYFUNCTION("""COMPUTED_VALUE"""),0.9990071428571429) -> 0.99900714 | I9: =IFERROR(__xludf.DUMMYFUNCTION("""COMPUTED_VALUE"""),"") | J9: =IFERROR(__xludf.DUMMYFUNCTION("""COMPUTED_VALUE"""),1.0) -> 1 | K9: =IFERROR(__xludf.DUMMYFUNCTION("""COMPUTED_VALUE"""),1.0) -> 1 | L9: =IFERROR(__xludf.DUMMYFUNCTION("""COMPUTED_VALUE"""),1.0) -> 1 | M9: =IFERROR(__xludf.DUMMYFUNCTION("""COMPUTED_VALUE"""),0.9930500000000001) -> 0.99305 | N9: =IFERROR(__xludf.DUMMYFUNCTION("""COMPUTED_VALUE"""),1.0) -> 1 | O9: =IFERROR(__xludf.DUMMYFUNCTION("""COMPUTED_VALUE"""),1.0) -> 1 | P9: =IFERROR(__xludf.DUMMYFUNCTION("""COMPUTED_VALUE"""),1.0) -> 1 | Q9: =IFERROR(__xludf.DUMMYFUNCTION("""COMPUTED_VALUE"""),"") | R9: =IFERROR(__xludf.DUMMYFUNCTION("""COMPUTED_VALUE"""),"") | S9: =IFERROR(__xludf.DUMMYFUNCTION("""COMPUTED_VALUE"""),"") | T9: =IFERROR(__xludf.DUMMYFUNCTION("""COMPUTED_VALUE"""),"") | U9: =IFERROR(__xludf.DUMMYFUNCTION("""COMPUTED_VALUE"""),"") | V9: =IFERROR(__xludf.DUMMYFUNCTION("""COMPUTED_VALUE"""),"") | W9: =IFERROR(__xludf.DUMMYFUNCTION("""COMPUTED_VALUE"""),"") | X9: =IFERROR(__xludf.DUMMYFUNCTION("""COMPUTED_VALUE"""),"") | ... AN9: =IFERROR(__xludf.DUMMYFUNCTION("""COMPUTED_VALUE"""),"")
A10: =IFERROR(__xludf.DUMMYFUNCTION("""COMPUTED_VALUE"""),"NONDANG") -> NONDANG | B10: =IFERROR(__xludf.DUMMYFUNCTION("""COMPUTED_VALUE"""),"MALUKU UTARA") -> MALUKU UTARA | C10: =IFERROR(__xludf.DUMMYFUNCTION("""COMPUTED_VALUE"""),"JS6") -> JS6 | D10: =IFERROR(__xludf.DUMMYFUNCTION("""COMPUTED_VALUE"""),"Talis5 Mix") -> Talis5 Mix | E10: =IFERROR(__xludf.DUMMYFUNCTION("""COMPUTED_VALUE"""),"28 December 2024") -> 28 December 2024 | H10: =IFERROR(__xludf.DUMMYFUNCTION("""COMPUTED_VALUE"""),0.9995028571428571) -> 0.99950286 | I10: =IFERROR(__xludf.DUMMYFUNCTION("""COMPUTED_VALUE"""),"") | J10: =IFERROR(__xludf.DUMMYFUNCTION("""COMPUTED_VALUE"""),1.0) -> 1 | K10: =IFERROR(__xludf.DUMMYFUNCTION("""COMPUTED_VALUE"""),1.0) -> 1 | L10: =IFERROR(__xludf.DUMMYFUNCTION("""COMPUTED_VALUE"""),1.0) -> 1 | M10: =IFERROR(__xludf.DUMMYFUNCTION("""COMPUTED_VALUE"""),1.0) -> 1 | N10: =IFERROR(__xludf.DUMMYFUNCTION("""COMPUTED_VALUE"""),1.0) -> 1 | O10: =IFERROR(__xludf.DUMMYFUNCTION("""COMPUTED_VALUE"""),0.99652) -> 0.99652 | P10: =IFERROR(__xludf.DUMMYFUNCTION("""COMPUTED_VALUE"""),1.0) -> 1 | Q10: =IFERROR(__xludf.DUMMYFUNCTION("""COMPUTED_VALUE"""),"") | R10: =IFERROR(__xludf.DUMMYFUNCTION("""COMPUTED_VALUE"""),"") | S10: =IFERROR(__xludf.DUMMYFUNCTION("""COMPUTED_VALUE"""),"") | T10: =IFERROR(__xludf.DUMMYFUNCTION("""COMPUTED_VALUE"""),"") | U10: =IFERROR(__xludf.DUMMYFUNCTION("""COMPUTED_VALUE"""),"") | V10: =IFERROR(__xludf.DUMMYFUNCTION("""COMPUTED_VALUE"""),"") | W10: =IFERROR(__xludf.DUMMYFUNCTION("""COMPUTED_VALUE"""),"") | X10: =IFERROR(__xludf.DUMMYFUNCTION("""COMPUTED_VALUE"""),"") | ... AN10: =IFERROR(__xludf.DUMMYFUNCTION("""COMPUTED_VALUE"""),"")
A11: =IFERROR(__xludf.DUMMYFUNCTION("""COMPUTED_VALUE"""),"BOHA") -> BOHA | B11: =IFERROR(__xludf.DUMMYFUNCTION("""COMPUTED_VALUE"""),"PAPUA SELATAN") -> PAPUA SELATAN | C11: =IFERROR(__xludf.DUMMYFUNCTION("""COMPUTED_VALUE"""),"JS01") -> JS01 | D11: =IFERROR(__xludf.DUMMYFUNCTION("""COMPUTED_VALUE"""),"Talis5 Mix") -> Talis5 Mix | E11: =IFERROR(__xludf.DUMMYFUNCTION("""COMPUTED_VALUE"""),45974.0) -> 45974 | G11: =IFERROR(__xludf.DUMMYFUNCTION("""COMPUTED_VALUE"""),"SOMO POWER , Vsat sudah up, SNMP problem. done revit tgl 13-nov-25 site up snmp sudah up ") -> SOMO POWER , Vsat sudah up, SNMP problem. done revit tgl 13-nov-25 site up snmp sudah up | H11: =IFERROR(__xludf.DUMMYFUNCTION("""COMPUTED_VALUE"""),1.0) -> 1 | I11: =IFERROR(__xludf.DUMMYFUNCTION("""COMPUTED_VALUE"""),"") | J11: =IFERROR(__xludf.DUMMYFUNCTION("""COMPUTED_VALUE"""),1.0) -> 1 | K11: =IFERROR(__xludf.DUMMYFUNCTION("""COMPUTED_VALUE"""),1.0) -> 1 | L11: =IFERROR(__xludf.DUMMYFUNCTION("""COMPUTED_VALUE"""),1.0) -> 1 | M11: =IFERROR(__xludf.DUMMYFUNCTION("""COMPUTED_VALUE"""),1.0) -> 1 | N11: =IFERROR(__xludf.DUMMYFUNCTION("""COMPUTED_VALUE"""),1.0) -> 1 | O11: =IFERROR(__xludf.DUMMYFUNCTION("""COMPUTED_VALUE"""),1.0) -> 1 | P11: =IFERROR(__xludf.DUMMYFUNCTION("""COMPUTED_VALUE"""),1.0) -> 1 | Q11: =IFERROR(__xludf.DUMMYFUNCTION("""COMPUTED_VALUE"""),"") | R11: =IFERROR(__xludf.DUMMYFUNCTION("""COMPUTED_VALUE"""),"") | S11: =IFERROR(__xludf.DUMMYFUNCTION("""COMPUTED_VALUE"""),"") | T11: =IFERROR(__xludf.DUMMYFUNCTION("""COMPUTED_VALUE"""),"") | U11: =IFERROR(__xludf.DUMMYFUNCTION("""COMPUTED_VALUE"""),"") | V11: =IFERROR(__xludf.DUMMYFUNCTION("""COMPUTED_VALUE"""),"") | W11: =IFERROR(__xludf.DUMMYFUNCTION("""COMPUTED_VALUE"""),"") | X11: =IFERROR(__xludf.DUMMYFUNCTION("""COMPUTED_VALUE"""),"") | ... AN11: =IFERROR(__xludf.DUMMYFUNCTION("""COMPUTED_VALUE"""),"")
A12: =IFERROR(__xludf.DUMMYFUNCTION("""COMPUTED_VALUE"""),"TABANGAME") -> TABANGAME | B12: =IFERROR(__xludf.DUMMYFUNCTION("""COMPUTED_VALUE"""),"MALUKU UTARA") -> MALUKU UTARA | C12: =IFERROR(__xludf.DUMMYFUNCTION("""COMPUTED_VALUE"""),"JS13") -> JS13 | D12: =IFERROR(__xludf.DUMMYFUNCTION("""COMPUTED_VALUE"""),"Talis5 Mix (Migrasi pln)") -> Talis5 Mix (Migrasi pln) | E12: =IFERROR(__xludf.DUMMYFUNCTION("""COMPUTED_VALUE"""),45973.0) -> 45973 | G12: =IFERROR(__xludf.DUMMYFUNCTION("""COMPUTED_VALUE"""),"SOMO BTS , power up down done revit tgl 12-nov-25") -> SOMO BTS , power up down done revit tgl 12-nov-25 | H12: =IFERROR(__xludf.DUMMYFUNCTION("""COMPUTED_VALUE"""),1.0) -> 1 | I12: =IFERROR(__xludf.DUMMYFUNCTION("""COMPUTED_VALUE"""),"") | J12: =IFERROR(__xludf.DUMMYFUNCTION("""COMPUTED_VALUE"""),1.0) -> 1 | K12: =IFERROR(__xludf.DUMMYFUNCTION("""COMPUTED_VALUE"""),1.0) -> 1 | L12: =IFERROR(__xludf.DUMMYFUNCTION("""COMPUTED_VALUE"""),1.0) -> 1 | M12: =IFERROR(__xludf.DUMMYFUNCTION("""COMPUTED_VALUE"""),1.0) -> 1 | N12: =IFERROR(__xludf.DUMMYFUNCTION("""COMPUTED_VALUE"""),1.0) -> 1 | O12: =IFERROR(__xludf.DUMMYFUNCTION("""COMPUTED_VALUE"""),1.0) -> 1 | P12: =IFERROR(__xludf.DUMMYFUNCTION("""COMPUTED_VALUE"""),1.0) -> 1 | Q12: =IFERROR(__xludf.DUMMYFUNCTION("""COMPUTED_VALUE"""),"") | R12: =IFERROR(__xludf.DUMMYFUNCTION("""COMPUTED_VALUE"""),"") | S12: =IFERROR(__xludf.DUMMYFUNCTION("""COMPUTED_VALUE"""),"") | T12: =IFERROR(__xludf.DUMMYFUNCTION("""COMPUTED_VALUE"""),"") | U12: =IFERROR(__xludf.DUMMYFUNCTION("""COMPUTED_VALUE"""),"") | V12: =IFERROR(__xludf.DUMMYFUNCTION("""COMPUTED_VALUE"""),"") | W12: =IFERROR(__xludf.DUMMYFUNCTION("""COMPUTED_VALUE"""),"") | X12: =IFERROR(__xludf.DUMMYFUNCTION("""COMPUTED_VALUE"""),"") | ... AN12: =IFERROR(__xludf.DUMMYFUNCTION("""COMPUTED_VALUE"""),"")
A13: =IFERROR(__xludf.DUMMYFUNCTION("""COMPUTED_VALUE"""),"ELIASA") -> ELIASA | B13: =IFERROR(__xludf.DUMMYFUNCTION("""COMPUTED_VALUE"""),"MALUKU") -> MALUKU | C13: =IFERROR(__xludf.DUMMYFUNCTION("""COMPUTED_VALUE"""),"JS34") -> JS34 | D13: =IFERROR(__xludf.DUMMYFUNCTION("""COMPUTED_VALUE"""),"Talis5 Mix") -> Talis5 Mix | E13: =IFERROR(__xludf.DUMMYFUNCTION("""COMPUTED_VALUE"""),"04 March 2025") -> 04 March 2025 | G13: =IFERROR(__xludf.DUMMYFUNCTION("""COMPUTED_VALUE"""),"SNMP sudah up") -> SNMP sudah up | H13: =IFERROR(__xludf.DUMMYFUNCTION("""COMPUTED_VALUE"""),1.0) -> 1 | I13: =IFERROR(__xludf.DUMMYFUNCTION("""COMPUTED_VALUE"""),"") | J13: =IFERROR(__xludf.DUMMYFUNCTION("""COMPUTED_VALUE"""),1.0) -> 1 | K13: =IFERROR(__xludf.DUMMYFUNCTION("""COMPUTED_VALUE"""),1.0) -> 1 | L13: =IFERROR(__xludf.DUMMYFUNCTION("""COMPUTED_VALUE"""),1.0) -> 1 | M13: =IFERROR(__xludf.DUMMYFUNCTION("""COMPUTED_VALUE"""),1.0) -> 1 | N13: =IFERROR(__xludf.DUMMYFUNCTION("""COMPUTED_VALUE"""),1.0) -> 1 | O13: =IFERROR(__xludf.DUMMYFUNCTION("""COMPUTED_VALUE"""),1.0) -> 1 | P13: =IFERROR(__xludf.DUMMYFUNCTION("""COMPUTED_VALUE"""),1.0) -> 1 | Q13: =IFERROR(__xludf.DUMMYFUNCTION("""COMPUTED_VALUE"""),"") | R13: =IFERROR(__xludf.DUMMYFUNCTION("""COMPUTED_VALUE"""),"") | S13: =IFERROR(__xludf.DUMMYFUNCTION("""COMPUTED_VALUE"""),"") | T13: =IFERROR(__xludf.DUMMYFUNCTION("""COMPUTED_VALUE"""),"") | U13: =IFERROR(__xludf.DUMMYFUNCTION("""COMPUTED_VALUE"""),"") | V13: =IFERROR(__xludf.DUMMYFUNCTION("""COMPUTED_VALUE"""),"") | W13: =IFERROR(__xludf.DUMMYFUNCTION("""COMPUTED_VALUE"""),"") | X13: =IFERROR(__xludf.DUMMYFUNCTION("""COMPUTED_VALUE"""),"") | ... AN13: =IFERROR(__xludf.DUMMYFUNCTION("""COMPUTED_VALUE"""),"")
A14: =IFERROR(__xludf.DUMMYFUNCTION("""COMPUTED_VALUE"""),"HONITETU") -> HONITETU | B14: =IFERROR(__xludf.DUMMYFUNCTION("""COMPUTED_VALUE"""),"MALUKU") -> MALUKU | C14: =IFERROR(__xludf.DUMMYFUNCTION("""COMPUTED_VALUE"""),"JS42") -> JS42 | D14: =IFERROR(__xludf.DUMMYFUNCTION("""COMPUTED_VALUE"""),"Talis5 Mix (Migrasi pln)") -> Talis5 Mix (Migrasi pln) | E14: =IFERROR(__xludf.DUMMYFUNCTION("""COMPUTED_VALUE"""),45960.0) -> 45960 | G14: =IFERROR(__xludf.DUMMYFUNCTION("""COMPUTED_VALUE"""),"SNMP sudah up") -> SNMP sudah up | H14: =IFERROR(__xludf.DUMMYFUNCTION("""COMPUTED_VALUE"""),1.0) -> 1 | I14: =IFERROR(__xludf.DUMMYFUNCTION("""COMPUTED_VALUE"""),"") | J14: =IFERROR(__xludf.DUMMYFUNCTION("""COMPUTED_VALUE"""),1.0) -> 1 | K14: =IFERROR(__xludf.DUMMYFUNCTION("""COMPUTED_VALUE"""),1.0) -> 1 | L14: =IFERROR(__xludf.DUMMYFUNCTION("""COMPUTED_VALUE"""),1.0) -> 1 | M14: =IFERROR(__xludf.DUMMYFUNCTION("""COMPUTED_VALUE"""),1.0) -> 1 | N14: =IFERROR(__xludf.DUMMYFUNCTION("""COMPUTED_VALUE"""),1.0) -> 1 | O14: =IFERROR(__xludf.DUMMYFUNCTION("""COMPUTED_VALUE"""),1.0) -> 1 | P14: =IFERROR(__xludf.DUMMYFUNCTION("""COMPUTED_VALUE"""),1.0) -> 1 | Q14: =IFERROR(__xludf.DUMMYFUNCTION("""COMPUTED_VALUE"""),"") | R14: =IFERROR(__xludf.DUMMYFUNCTION("""COMPUTED_VALUE"""),"") | S14: =IFERROR(__xludf.DUMMYFUNCTION("""COMPUTED_VALUE"""),"") | T14: =IFERROR(__xludf.DUMMYFUNCTION("""COMPUTED_VALUE"""),"") | U14: =IFERROR(__xludf.DUMMYFUNCTION("""COMPUTED_VALUE"""),"") | V14: =IFERROR(__xludf.DUMMYFUNCTION("""COMPUTED_VALUE"""),"") | W14: =IFERROR(__xludf.DUMMYFUNCTION("""COMPUTED_VALUE"""),"") | X14: =IFERROR(__xludf.DUMMYFUNCTION("""COMPUTED_VALUE"""),"") | ... AN14: =IFERROR(__xludf.DUMMYFUNCTION("""COMPUTED_VALUE"""),"")
A15: =IFERROR(__xludf.DUMMYFUNCTION("""COMPUTED_VALUE"""),"SILANG") -> SILANG | B15: =IFERROR(__xludf.DUMMYFUNCTION("""COMPUTED_VALUE"""),"MALUKU UTARA") -> MALUKU UTARA | C15: =IFERROR(__xludf.DUMMYFUNCTION("""COMPUTED_VALUE"""),"JS07") -> JS07 | D15: =IFERROR(__xludf.DUMMYFUNCTION("""COMPUTED_VALUE"""),"Talis5 Mix") -> Talis5 Mix | E15: =IFERROR(__xludf.DUMMYFUNCTION("""COMPUTED_VALUE"""),"16 January 2025") -> 16 January 2025 | G15: =IFERROR(__xludf.DUMMYFUNCTION("""COMPUTED_VALUE"""),"SNMP sudah UP") -> SNMP sudah UP | H15: =IFERROR(__xludf.DUMMYFUNCTION("""COMPUTED_VALUE"""),1.0) -> 1 | I15: =IFERROR(__xludf.DUMMYFUNCTION("""COMPUTED_VALUE"""),"") | J15: =IFERROR(__xludf.DUMMYFUNCTION("""COMPUTED_VALUE"""),1.0) -> 1 | K15: =IFERROR(__xludf.DUMMYFUNCTION("""COMPUTED_VALUE"""),1.0) -> 1 | L15: =IFERROR(__xludf.DUMMYFUNCTION("""COMPUTED_VALUE"""),1.0) -> 1 | M15: =IFERROR(__xludf.DUMMYFUNCTION("""COMPUTED_VALUE"""),1.0) -> 1 | N15: =IFERROR(__xludf.DUMMYFUNCTION("""COMPUTED_VALUE"""),1.0) -> 1 | O15: =IFERROR(__xludf.DUMMYFUNCTION("""COMPUTED_VALUE"""),1.0) -> 1 | P15: =IFERROR(__xludf.DUMMYFUNCTION("""COMPUTED_VALUE"""),1.0) -> 1 | Q15: =IFERROR(__xludf.DUMMYFUNCTION("""COMPUTED_VALUE"""),"") | R15: =IFERROR(__xludf.DUMMYFUNCTION("""COMPUTED_VALUE"""),"") | S15: =IFERROR(__xludf.DUMMYFUNCTION("""COMPUTED_VALUE"""),"") | T15: =IFERROR(__xludf.DUMMYFUNCTION("""COMPUTED_VALUE"""),"") | U15: =IFERROR(__xludf.DUMMYFUNCTION("""COMPUTED_VALUE"""),"") | V15: =IFERROR(__xludf.DUMMYFUNCTION("""COMPUTED_VALUE"""),"") | W15: =IFERROR(__xludf.DUMMYFUNCTION("""COMPUTED_VALUE"""),"") | X15: =IFERROR(__xludf.DUMMYFUNCTION("""COMPUTED_VALUE"""),"") | ... AN15: =IFERROR(__xludf.DUMMYFUNCTION("""COMPUTED_VALUE"""),"")
A16: =IFERROR(__xludf.DUMMYFUNCTION("""COMPUTED_VALUE"""),"SUKOWATI") -> SUKOWATI | B16: =IFERROR(__xludf.DUMMYFUNCTION("""COMPUTED_VALUE"""),"MALUKU") -> MALUKU | C16: =IFERROR(__xludf.DUMMYFUNCTION("""COMPUTED_VALUE"""),"JS54") -> JS54 | D16: =IFERROR(__xludf.DUMMYFUNCTION("""COMPUTED_VALUE"""),"Talis5 Mix") -> Talis5 Mix | E16: =IFERROR(__xludf.DUMMYFUNCTION("""COMPUTED_VALUE"""),"13 August 2024") -> 13 August 2024 | H16: =IFERROR(__xludf.DUMMYFUNCTION("""COMPUTED_VALUE"""),1.0) -> 1 | I16: =IFERROR(__xludf.DUMMYFUNCTION("""COMPUTED_VALUE"""),"") | J16: =IFERROR(__xludf.DUMMYFUNCTION("""COMPUTED_VALUE"""),1.0) -> 1 | K16: =IFERROR(__xludf.DUMMYFUNCTION("""COMPUTED_VALUE"""),1.0) -> 1 | L16: =IFERROR(__xludf.DUMMYFUNCTION("""COMPUTED_VALUE"""),1.0) -> 1 | M16: =IFERROR(__xludf.DUMMYFUNCTION("""COMPUTED_VALUE"""),1.0) -> 1 | N16: =IFERROR(__xludf.DUMMYFUNCTION("""COMPUTED_VALUE"""),1.0) -> 1 | O16: =IFERROR(__xludf.DUMMYFUNCTION("""COMPUTED_VALUE"""),1.0) -> 1 | P16: =IFERROR(__xludf.DUMMYFUNCTION("""COMPUTED_VALUE"""),1.0) -> 1 | Q16: =IFERROR(__xludf.DUMMYFUNCTION("""COMPUTED_VALUE"""),"") | R16: =IFERROR(__xludf.DUMMYFUNCTION("""COMPUTED_VALUE"""),"") | S16: =IFERROR(__xludf.DUMMYFUNCTION("""COMPUTED_VALUE"""),"") | T16: =IFERROR(__xludf.DUMMYFUNCTION("""COMPUTED_VALUE"""),"") | U16: =IFERROR(__xludf.DUMMYFUNCTION("""COMPUTED_VALUE"""),"") | V16: =IFERROR(__xludf.DUMMYFUNCTION("""COMPUTED_VALUE"""),"") | W16: =IFERROR(__xludf.DUMMYFUNCTION("""COMPUTED_VALUE"""),"") | X16: =IFERROR(__xludf.DUMMYFUNCTION("""COMPUTED_VALUE"""),"") | ... AN16: =IFERROR(__xludf.DUMMYFUNCTION("""COMPUTED_VALUE"""),"")
A17: =IFERROR(__xludf.DUMMYFUNCTION("""COMPUTED_VALUE"""),"TATANGAPU") -> TATANGAPU | B17: =IFERROR(__xludf.DUMMYFUNCTION("""COMPUTED_VALUE"""),"MALUKU UTARA") -> MALUKU UTARA | C17: =IFERROR(__xludf.DUMMYFUNCTION("""COMPUTED_VALUE"""),"JS126") -> JS126 | D17: =IFERROR(__xludf.DUMMYFUNCTION("""COMPUTED_VALUE"""),"Talis5 Mix(migrasi pln)") -> Talis5 Mix(migrasi pln) | E17: =IFERROR(__xludf.DUMMYFUNCTION("""COMPUTED_VALUE"""),45969.0) -> 45969 | G17: =IFERROR(__xludf.DUMMYFUNCTION("""COMPUTED_VALUE"""),"SOMO BTS Done revit 8-nov-25") -> SOMO BTS Done revit 8-nov-25 | H17: =IFERROR(__xludf.DUMMYFUNCTION("""COMPUTED_VALUE"""),1.0) -> 1 | I17: =IFERROR(__xludf.DUMMYFUNCTION("""COMPUTED_VALUE"""),"") | J17: =IFERROR(__xludf.DUMMYFUNCTION("""COMPUTED_VALUE"""),1.0) -> 1 | K17: =IFERROR(__xludf.DUMMYFUNCTION("""COMPUTED_VALUE"""),1.0) -> 1 | L17: =IFERROR(__xludf.DUMMYFUNCTION("""COMPUTED_VALUE"""),1.0) -> 1 | M17: =IFERROR(__xludf.DUMMYFUNCTION("""COMPUTED_VALUE"""),1.0) -> 1 | N17: =IFERROR(__xludf.DUMMYFUNCTION("""COMPUTED_VALUE"""),1.0) -> 1 | O17: =IFERROR(__xludf.DUMMYFUNCTION("""COMPUTED_VALUE"""),1.0) -> 1 | P17: =IFERROR(__xludf.DUMMYFUNCTION("""COMPUTED_VALUE"""),1.0) -> 1 | Q17: =IFERROR(__xludf.DUMMYFUNCTION("""COMPUTED_VALUE"""),"") | R17: =IFERROR(__xludf.DUMMYFUNCTION("""COMPUTED_VALUE"""),"") | S17: =IFERROR(__xludf.DUMMYFUNCTION("""COMPUTED_VALUE"""),"") | T17: =IFERROR(__xludf.DUMMYFUNCTION("""COMPUTED_VALUE"""),"") | U17: =IFERROR(__xludf.DUMMYFUNCTION("""COMPUTED_VALUE"""),"") | V17: =IFERROR(__xludf.DUMMYFUNCTION("""COMPUTED_VALUE"""),"") | W17: =IFERROR(__xludf.DUMMYFUNCTION("""COMPUTED_VALUE"""),"") | X17: =IFERROR(__xludf.DUMMYFUNCTION("""COMPUTED_VALUE"""),"") | ... AN17: =IFERROR(__xludf.DUMMYFUNCTION("""COMPUTED_VALUE"""),"")

Sheet JS PRO
A1: =SUBTOTAL(3,A3:A1001) -> 46 | B1: https://docs.google.com/spreadsheets/d/1Dxy1QCrdHtey6bTgAreH_-HSdvsVycgOWj8r7wFE9qo/edit?usp=sharing | F1: =AVERAGE(F3:F1001) -> #DIV/0! | J1: =AVERAGE(J3:J1001) -> 0.90046609 | K1: =AVERAGE(K3:K1001) -> 0.90805196 | L1: =AVERAGE(L3:L1001) -> 0.90891304 | M1: =AVERAGE(M3:M1001) -> 0.90526543 | N1: =AVERAGE(N3:N1001) -> 0.92307935 | O1: =AVERAGE(O3:O1001) -> 0.9358537 | P1: =AVERAGE(P3:P1001) -> 0.93304652 | Q1: =AVERAGE(Q3:Q1001) -> #DIV/0! | ... AN1: =AVERAGE(AN3:AN1001) -> #DIV/0!
A2: NAMA SITE | B2: PROVINSI | C2: KODE SITE | D2: BATERAI TYPE | E2: Done Instal (Talis) | F2: PIC | G2: PROBLEM | H2: SLA AVG | I2: Status | J2: 1 | K2: 2 | L2: 3 | M2: 4 | N2: 5 | O2: 6 | P2: 7 | Q2: 8 | R2: 9 | S2: 10 | T2: 11 | U2: 12 | V2: 13 | W2: 14 | X2: 15 | Y2: 16 | Z2: 17 | AA2: 18 | AB2: 19 | AC2: 20 | AD2: 21 | AE2: 22 | AF2: 23 | AG2: 24 | AH2: 25 | AI2: 26 | AJ2: 27 | AK2: 28 | AL2: 29 | AM2: 30 | AN2: 31
A3: =IFERROR(__xludf.DUMMYFUNCTION("LET( data, IMPORTRANGE(B1, ""SLA!A:An""), filtered, FILTER(data, INDEX(data, 0, 4) = ""JS PRO""), SORT(filtered, 8, TRUE) ) "),"INYORA") -> INYORA | B3: =IFERROR(__xludf.DUMMYFUNCTION("""COMPUTED_VALUE"""),"PAPUA BARAT") -> PAPUA BARAT | C3: =IFERROR(__xludf.DUMMYFUNCTION("""COMPUTED_VALUE"""),"JS19") -> JS19 | D3: =IFERROR(__xludf.DUMMYFUNCTION("""COMPUTED_VALUE"""),"JS PRO") -> JS PRO | F3: =IFERROR(__xludf.DUMMYFUNCTION("""COMPUTED_VALUE"""),"VSAT ") -> VSAT | G3: =IFERROR(__xludf.DUMMYFUNCTION("""COMPUTED_VALUE"""),"VSAT masih down") -> VSAT masih down | H3: =IFERROR(__xludf.DUMMYFUNCTION("""COMPUTED_VALUE"""),0.0) -> 0 | I3: =IFERROR(__xludf.DUMMYFUNCTION("""COMPUTED_VALUE"""),"Potensi SP") -> Potensi SP | J3: =IFERROR(__xludf.DUMMYFUNCTION("""COMPUTED_VALUE"""),0.0) -> 0 | K3: =IFERROR(__xludf.DUMMYFUNCTION("""COMPUTED_VALUE"""),0.0) -> 0 | L3: =IFERROR(__xludf.DUMMYFUNCTION("""COMPUTED_VALUE"""),0.0) -> 0 | M3: =IFERROR(__xludf.DUMMYFUNCTION("""COMPUTED_VALUE"""),0.0) -> 0 | N3: =IFERROR(__xludf.DUMMYFUNCTION("""COMPUTED_VALUE"""),0.0) -> 0 | O3: =IFERROR(__xludf.DUMMYFUNCTION("""COMPUTED_VALUE"""),0.0) -> 0 | P3: =IFERROR(__xludf.DUMMYFUNCTION("""COMPUTED_VALUE"""),0.0) -> 0 | Q3: =IFERROR(__xludf.DUMMYFUNCTION("""COMPUTED_VALUE"""),"") | R3: =IFERROR(__xludf.DUMMYFUNCTION("""COMPUTED_VALUE"""),"") | S3: =IFERROR(__xludf.DUMMYFUNCTION("""COMPUTED_VALUE"""),"") | T3: =IFERROR(__xludf.DUMMYFUNCTION("""COMPUTED_VALUE"""),"") | U3: =IFERROR(__xludf.DUMMYFUNCTION("""COMPUTED_VALUE"""),"") | V3: =IFERROR(__xludf.DUMMYFUNCTION("""COMPUTED_VALUE"""),"") | W3: =IFERROR(__xludf.DUMMYFUNCTION("""COMPUTED_VALUE"""),"") | X3: =IFERROR(__xludf.DUMMYFUNCTION("""COMPUTED_VALUE"""),"") | ... AN3: =IFERROR(__xludf.DUMMYFUNCTION("""COMPUTED_VALUE"""),"")
A4: =IFERROR(__xludf.DUMMYFUNCTION("""COMPUTED_VALUE"""),"SAKETA") -> SAKETA | B4: =IFERROR(__xludf.DUMMYFUNCTION("""COMPUTED_VALUE"""),"MALUKU UTARA") -> MALUKU UTARA | C4: =IFERROR(__xludf.DUMMYFUNCTION("""COMPUTED_VALUE"""),"JS129") -> JS129 | D4: =IFERROR(__xludf.DUMMYFUNCTION("""COMPUTED_VALUE"""),"JS PRO") -> JS PRO | F4: =IFERROR(__xludf.DUMMYFUNCTION("""COMPUTED_VALUE"""),"POWER-Tiket") -> POWER-Tiket | G4: =IFERROR(__xludf.DUMMYFUNCTION("""COMPUTED_VALUE"""),"insiden terbakar site masih down") -> insiden terbakar site masih down | H4: =IFERROR(__xludf.DUMMYFUNCTION("""COMPUTED_VALUE"""),0.0) -> 0 | I4: =IFERROR(__xludf.DUMMYFUNCTION("""COMPUTED_VALUE"""),"Potensi SP") -> Potensi SP | J4: =IFERROR(__xludf.DUMMYFUNCTION("""COMPUTED_VALUE"""),0.0) -> 0 | K4: =IFERROR(__xludf.DUMMYFUNCTION("""COMPUTED_VALUE"""),0.0) -> 0 | L4: =IFERROR(__xludf.DUMMYFUNCTION("""COMPUTED_VALUE"""),0.0) -> 0 | M4: =IFERROR(__xludf.DUMMYFUNCTION("""COMPUTED_VALUE"""),0.0) -> 0 | N4: =IFERROR(__xludf.DUMMYFUNCTION("""COMPUTED_VALUE"""),0.0) -> 0 | O4: =IFERROR(__xludf.DUMMYFUNCTION("""COMPUTED_VALUE"""),0.0) -> 0 | P4: =IFERROR(__xludf.DUMMYFUNCTION("""COMPUTED_VALUE"""),0.0) -> 0 | Q4: =IFERROR(__xludf.DUMMYFUNCTION("""COMPUTED_VALUE"""),"") | R4: =IFERROR(__xludf.DUMMYFUNCTION("""COMPUTED_VALUE"""),"") | S4: =IFERROR(__xludf.DUMMYFUNCTION("""COMPUTED_VALUE"""),"") | T4: =IFERROR(__xludf.DUMMYFUNCTION("""COMPUTED_VALUE"""),"") | U4: =IFERROR(__xludf.DUMMYFUNCTION("""COMPUTED_VALUE"""),"") | V4: =IFERROR(__xludf.DUMMYFUNCTION("""COMPUTED_VALUE"""),"") | W4: =IFERROR(__xludf.DUMMYFUNCTION("""COMPUTED_VALUE"""),"") | X4: =IFERROR(__xludf.DUMMYFUNCTION("""COMPUTED_VALUE"""),"") | ... AN4: =IFERROR(__xludf.DUMMYFUNCTION("""COMPUTED_VALUE"""),"")
A5: =IFERROR(__xludf.DUMMYFUNCTION("""COMPUTED_VALUE"""),"MAAN") -> MAAN | B5: =IFERROR(__xludf.DUMMYFUNCTION("""COMPUTED_VALUE"""),"PAPUA BARAT") -> PAPUA BARAT | C5: =IFERROR(__xludf.DUMMYFUNCTION("""COMPUTED_VALUE"""),"JS74") -> JS74 | D5: =IFERROR(__xludf.DUMMYFUNCTION("""COMPUTED_VALUE"""),"JS PRO") -> JS PRO | F5: =IFERROR(__xludf.DUMMYFUNCTION("""COMPUTED_VALUE"""),"VSAT") -> VSAT | G5: =IFERROR(__xludf.DUMMYFUNCTION("""COMPUTED_VALUE"""),"VSAT sudah up, SNMP up . site masih down") -> VSAT sudah up, SNMP up . site masih down | H5: =IFERROR(__xludf.DUMMYFUNCTION("""COMPUTED_VALUE"""),0.05515) -> 0.05515 | I5: =IFERROR(__xludf.DUMMYFUNCTION("""COMPUTED_VALUE"""),"Potensi SP") -> Potensi SP | J5: =IFERROR(__xludf.DUMMYFUNCTION("""COMPUTED_VALUE"""),0.035390000000000005) -> 0.03539 | K5: =IFERROR(__xludf.DUMMYFUNCTION("""COMPUTED_VALUE"""),0.03471) -> 0.03471 | L5: =IFERROR(__xludf.DUMMYFUNCTION("""COMPUTED_VALUE"""),0.09655) -> 0.09655 | M5: =IFERROR(__xludf.DUMMYFUNCTION("""COMPUTED_VALUE"""),0.07011) -> 0.07011 | N5: =IFERROR(__xludf.DUMMYFUNCTION("""COMPUTED_VALUE"""),0.10002000000000001) -> 0.10002 | O5: =IFERROR(__xludf.DUMMYFUNCTION("""COMPUTED_VALUE"""),0.049269999999999994) -> 0.04927 | P5: =IFERROR(__xludf.DUMMYFUNCTION("""COMPUTED_VALUE"""),0.0) -> 0 | Q5: =IFERROR(__xludf.DUMMYFUNCTION("""COMPUTED_VALUE"""),"") | R5: =IFERROR(__xludf.DUMMYFUNCTION("""COMPUTED_VALUE"""),"") | S5: =IFERROR(__xludf.DUMMYFUNCTION("""COMPUTED_VALUE"""),"") | T5: =IFERROR(__xludf.DUMMYFUNCTION("""COMPUTED_VALUE"""),"") | U5: =IFERROR(__xludf.DUMMYFUNCTION("""COMPUTED_VALUE"""),"") | V5: =IFERROR(__xludf.DUMMYFUNCTION("""COMPUTED_VALUE"""),"") | W5: =IFERROR(__xludf.DUMMYFUNCTION("""COMPUTED_VALUE"""),"") | X5: =IFERROR(__xludf.DUMMYFUNCTION("""COMPUTED_VALUE"""),"") | ... AN5: =IFERROR(__xludf.DUMMYFUNCTION("""COMPUTED_VALUE"""),"")
